id,sex,poor,education
2,2,0,12
3,2,0,12
6,1,0,16
7,1,0,12
9,1,0,14
11,1,0,16
14,2,0,18
15,1,0,16
16,2,0,13
18,1,0,13
20,2,0,17
22,2,0,16
25,2,0,14
27,2,0,16
28,2,0,13
29,2,0,12
30,2,0,12
31,1,0,12
34,1,0,13
36,1,0,12
37,2,0,12
38,2,0,12
39,1,0,12
40,1,0,14
41,1,0,15
42,1,0,12
43,2,1,12
44,2,0,12
47,1,0,12
49,2,0,14
50,2,0,12
53,1,1,12
54,1,0,10
57,2,0,12
58,2,0,17
60,1,0,12
61,2,0,14
62,2,0,12
63,1,0,16
68,2,0,16
69,1,0,18
72,2,0,16
73,1,0,18
75,2,0,16
76,1,0,14
77,2,0,16
78,2,0,16
79,1,0,18
82,1,1,12
84,1,1,12
87,1,0,12
88,1,0,16
89,2,0,16
90,1,0,16
92,2,0,12
93,1,0,12
94,1,0,10
95,2,0,12
96,2,0,12
97,2,0,14
98,2,1,13
99,2,0,14
100,2,0,12
103,1,0,18
104,2,0,12
105,2,0,12
106,1,0,16
107,1,0,16
108,1,0,20
110,1,0,13
111,2,0,12
119,1,0,16
125,1,0,13
126,1,0,14
128,2,0,12
129,1,0,16
136,2,1,12
137,2,0,16
138,2,0,16
139,1,0,15
141,2,0,18
142,1,0,12
144,2,0,12
145,1,0,12
147,2,0,14
149,2,0,12
150,1,0,12
152,2,0,12
153,2,0,12
155,1,0,9
158,2,0,16
159,2,0,16
160,2,0,14
161,2,0,12
162,1,0,18
164,2,0,12
165,2,0,12
166,1,0,13
167,2,0,12
170,2,1,14
171,1,0,16
172,2,1,9
174,2,0,13
179,2,0,12
180,2,0,16
183,2,0,12
184,2,0,16
186,2,0,18
188,2,0,10
189,1,0,16
190,2,0,18
191,1,0,19
193,1,0,16
195,1,0,18
196,1,0,18
197,2,0,12
198,1,0,18
199,1,0,12
200,2,0,12
202,1,0,14
204,2,0,11
207,1,0,12
209,1,0,11
210,1,0,16
211,2,0,16
213,1,0,16
214,1,0,15
218,1,0,16
219,2,0,20
220,2,0,20
221,2,1,10
222,1,1,9
224,2,1,12
228,2,1,9
229,2,1,11
230,1,0,15
231,2,0,12
232,1,0,14
233,1,0,12
234,1,0,12
235,1,0,15
236,2,0,13
237,2,0,12
239,2,1,10
240,2,0,12
243,1,0,12
245,2,0,14
247,1,0,19
248,1,0,12
249,2,0,17
250,2,0,12
251,1,0,12
252,2,0,12
253,1,0,11
254,2,0,12
255,2,0,12
256,2,0,13
257,1,0,12
258,2,0,14
259,1,0,12
260,1,0,14
265,2,0,16
269,1,0,16
272,2,0,16
273,1,0,15
274,1,0,13
275,2,0,14
276,2,0,12
277,1,0,12
278,2,1,13
279,1,0,12
281,1,0,18
282,2,0,16
284,1,0,12
285,2,0,10
286,2,0,16
287,2,0,12
288,2,1,12
289,2,0,12
290,2,0,10
291,1,1,12
293,2,0,13
297,2,0,12
298,2,0,14
301,1,0,12
302,1,1,12
303,1,0,12
304,1,0,11
305,2,0,12
306,1,0,14
307,2,0,12
308,1,0,12
309,1,0,13
310,1,0,12
311,1,0,12
313,1,0,11
317,1,0,16
318,1,0,12
319,2,0,18
320,1,0,12
322,2,0,14
323,1,0,12
324,1,1,9
327,2,0,16
331,1,1,12
332,1,0,9
333,2,0,12
335,2,0,15
337,1,0,12
338,2,0,12
339,2,1,11
340,2,0,12
342,1,0,16
343,2,0,13
344,2,0,16
346,1,0,16
347,2,0,17
349,1,0,13
350,1,0,17
351,1,0,12
352,2,0,12
353,1,0,12
354,2,0,12
356,1,0,11
357,1,0,16
358,1,0,16
359,2,0,16
360,2,0,19
363,2,1,12
364,1,0,16
367,2,0,16
368,2,0,17
369,2,0,16
370,2,0,16
373,2,0,12
375,1,0,12
376,1,0,16
385,2,0,12
386,2,0,12
388,2,0,15
390,2,1,10
391,2,0,12
392,1,0,12
393,1,0,13
395,2,1,14
396,1,0,12
397,2,1,9
398,1,0,10
399,2,0,18
400,2,0,16
401,2,0,12
402,2,0,12
405,2,0,13
406,1,0,14
407,2,0,16
408,1,0,12
409,1,0,16
410,1,0,12
411,1,1,12
412,1,0,13
416,2,0,19
417,1,0,12
420,1,0,12
421,1,0,20
422,1,0,19
423,2,0,20
424,1,0,12
425,2,1,12
426,1,0,12
431,2,0,14
433,1,0,12
434,1,0,12
435,1,0,12
437,2,0,12
438,2,0,13
439,2,0,16
441,1,0,12
442,2,0,12
443,1,0,14
444,2,0,16
445,1,0,16
446,2,0,12
447,1,0,12
450,1,0,12
452,2,0,16
457,1,0,16
459,2,0,16
460,2,0,13
461,1,0,16
462,2,0,18
463,1,0,12
464,1,0,14
466,1,0,16
468,1,0,16
470,1,0,12
471,2,0,12
472,2,0,11
474,2,0,12
475,2,0,12
476,2,0,12
477,1,0,12
478,2,0,12
479,1,0,12
481,1,0,19
482,1,0,19
483,1,0,12
484,1,0,12
485,2,1,12
486,1,0,12
487,2,0,14
488,1,0,12
489,1,0,14
491,2,0,12
492,2,0,12
493,1,1,13
495,2,0,13
496,2,0,12
499,2,0,12
502,1,0,12
503,2,0,12
506,2,0,16
507,2,0,14
508,1,0,12
512,1,0,13
514,2,1,12
517,1,0,12
520,1,0,16
521,1,0,17
522,2,0,13
523,1,0,15
526,1,0,12
527,2,0,13
528,2,0,12
529,2,0,12
533,2,0,14
534,1,0,12
536,2,1,10
538,1,1,12
541,1,0,10
542,2,0,12
543,1,0,12
544,2,0,12
546,2,0,10
547,1,0,11
548,2,0,12
549,1,0,12
550,2,1,12
553,1,0,16
554,1,0,19
555,1,0,12
556,1,0,16
558,2,0,17
559,1,0,16
560,1,0,14
561,2,0,17
562,1,0,20
565,1,0,13
567,2,0,14
570,1,0,16
571,1,0,13
573,1,0,17
575,1,0,19
576,2,0,18
580,1,0,12
581,1,0,12
582,2,0,16
583,1,0,13
584,1,0,10
588,2,1,12
591,2,0,14
592,1,0,12
593,2,1,14
594,1,0,12
600,1,0,16
604,2,0,15
605,1,0,12
606,1,0,13
608,2,0,16
611,2,0,16
612,2,0,14
613,1,0,12
614,2,0,19
615,2,0,11
616,1,0,12
619,2,0,12
620,1,0,12
621,2,1,11
624,1,0,17
626,2,0,12
627,2,0,12
628,1,0,12
629,1,0,8
630,1,0,8
631,1,0,11
632,2,0,12
635,2,0,12
636,2,0,12
637,1,0,13
638,1,0,13
639,1,0,12
640,2,0,12
641,1,0,12
645,1,0,16
646,2,0,12
647,1,0,12
648,2,0,13
649,1,0,17
650,2,0,16
653,1,0,18
655,2,0,16
657,2,0,20
658,1,0,12
659,1,0,14
660,2,0,14
662,2,0,12
663,1,0,16
665,2,0,16
666,1,1,12
667,1,0,14
668,2,1,13
669,1,0,12
670,2,0,16
671,1,0,16
672,1,0,16
673,1,0,12
674,1,0,12
677,2,0,12
680,2,0,12
683,2,0,16
684,1,0,12
685,1,1,12
686,1,0,18
687,1,0,12
688,2,0,14
690,1,0,12
692,2,0,13
697,1,0,12
700,1,1,12
701,1,0,9
702,1,0,12
703,2,1,12
704,2,0,13
706,2,1,13
707,1,0,14
708,2,1,12
711,1,0,12
712,2,0,13
713,2,0,12
714,1,1,11
715,1,0,11
716,1,0,12
717,1,0,12
718,1,0,12
719,1,0,12
720,2,0,12
721,2,0,13
722,1,0,11
723,2,0,12
724,2,0,15
725,1,0,20
727,1,0,12
728,1,0,12
729,1,0,13
730,1,0,15
732,1,0,12
733,2,1,13
734,2,0,12
735,1,0,12
736,2,0,12
737,1,0,12
739,2,0,12
740,2,0,14
741,1,1,12
742,1,0,17
743,2,0,18
744,2,0,14
745,2,0,12
746,2,0,13
747,1,0,12
748,2,0,13
750,1,0,12
751,1,0,16
752,2,0,19
753,1,0,12
755,2,0,12
756,2,0,12
757,2,0,14
758,2,0,12
759,2,1,13
760,1,0,13
761,2,0,15
762,1,0,12
764,2,1,14
766,1,0,12
768,2,0,12
770,2,0,11
772,1,0,12
774,1,0,14
775,2,0,16
776,1,0,17
777,1,0,16
778,1,0,16
779,2,0,14
783,2,1,12
784,1,0,12
790,2,1,12
792,2,0,16
793,1,0,16
795,1,0,16
799,1,0,12
800,1,0,14
801,2,1,12
802,1,0,12
803,2,0,12
805,2,0,12
807,1,0,16
809,1,0,19
810,2,0,16
811,2,0,15
813,1,0,20
815,1,0,12
816,2,0,16
817,1,0,16
820,2,0,16
821,2,0,18
822,1,0,12
823,1,0,14
825,1,0,17
827,1,0,20
828,2,0,14
829,2,0,19
830,2,0,12
831,2,1,12
833,1,1,13
834,2,0,12
835,2,0,13
836,2,1,12
838,1,0,12
839,2,0,15
841,2,0,12
842,2,0,11
843,2,0,12
845,2,0,12
847,1,0,16
850,1,0,13
851,1,0,12
854,2,0,12
855,2,0,12
856,2,0,13
859,1,0,12
860,1,0,12
861,2,0,12
862,2,0,11
863,1,0,12
865,1,0,12
866,2,1,12
867,2,0,12
868,1,0,19
871,1,0,10
872,1,0,16
874,1,0,18
875,2,0,12
876,2,0,14
877,1,0,17
883,2,0,15
884,2,0,18
885,1,0,16
886,2,0,18
888,1,0,12
889,2,0,15
890,1,0,19
891,1,0,12
893,2,0,12
895,2,0,16
896,2,0,16
897,2,1,14
899,1,0,15
900,2,0,15
902,1,0,17
903,1,0,14
906,2,0,19
908,1,0,16
912,2,0,16
913,1,0,19
914,2,0,12
915,2,0,13
916,1,0,16
917,1,0,12
919,1,0,12
920,1,0,16
921,1,0,14
922,1,0,12
923,2,0,12
924,1,0,16
925,1,0,16
929,1,0,12
930,2,1,14
931,1,0,12
932,2,0,12
934,1,0,16
935,2,1,12
936,2,0,14
937,1,0,14
938,1,0,12
939,2,0,12
941,1,0,13
942,2,0,12
943,2,0,15
944,1,0,18
945,1,0,16
946,1,0,16
947,1,0,13
949,2,0,12
950,2,0,12
951,1,0,12
952,2,0,12
954,2,1,16
955,1,0,12
956,1,0,13
958,1,0,12
959,1,0,14
960,1,0,15
961,1,0,16
962,2,0,14
963,2,0,12
966,2,0,12
967,2,0,12
968,1,0,12
969,2,0,12
970,1,0,12
971,2,0,12
972,2,0,12
973,1,0,12
974,2,0,18
976,2,0,18
977,1,0,12
978,2,0,16
979,2,0,12
980,1,0,12
982,2,0,12
985,1,0,14
990,1,0,12
995,2,0,12
997,1,0,12
999,2,0,16
1001,2,0,14
1002,1,1,12
1003,1,0,16
1007,1,0,12
1009,2,0,12
1011,1,0,12
1013,1,1,14
1014,1,0,18
1015,2,0,18
1017,2,0,16
1019,2,0,17
1020,2,0,17
1022,2,0,17
1023,1,0,16
1024,2,0,16
1025,2,1,8
1029,2,0,12
1030,2,1,10
1031,2,1,9
1033,2,1,10
1034,2,0,7
1037,2,0,12
1038,2,0,14
1039,2,0,15
1040,2,1,12
1042,1,1,12
1043,1,0,12
1044,1,0,12
1045,1,0,12
1046,1,0,19
1048,2,0,12
1049,2,0,18
1050,2,0,16
1051,1,0,18
1052,1,0,18
1053,1,0,16
1055,1,0,16
1056,2,0,12
1057,2,0,11
1058,1,0,13
1059,1,0,12
1060,1,0,12
1061,1,0,12
1062,1,0,12
1063,2,0,12
1064,1,0,12
1065,2,0,12
1068,1,1,9
1069,2,1,10
1070,2,0,12
1071,2,0,12
1072,1,0,18
1077,2,0,9
1078,2,0,16
1079,2,0,14
1080,2,0,12
1081,1,0,14
1082,2,0,16
1085,1,0,12
1087,2,0,18
1088,2,0,18
1091,1,0,10
1092,1,0,12
1094,1,0,12
1097,1,0,14
1099,1,0,14
1101,2,0,19
1102,1,0,15
1103,2,0,16
1104,2,0,15
1105,2,0,16
1106,2,0,16
1107,1,0,12
1109,1,1,14
1111,2,0,12
1112,2,0,12
1113,1,0,12
1114,2,0,12
1116,2,0,14
1117,2,0,13
1118,2,0,12
1120,1,0,17
1122,1,0,16
1123,2,0,15
1125,1,0,13
1127,1,0,13
1130,2,0,12
1131,2,0,12
1132,2,0,12
1134,1,0,11
1135,2,0,18
1136,2,0,19
1138,1,0,16
1139,2,0,16
1140,2,0,16
1141,2,0,12
1142,1,0,16
1143,1,0,16
1144,1,0,16
1147,2,0,12
1148,1,0,11
1150,1,0,12
1152,2,1,12
1153,1,1,10
1154,2,0,18
1155,2,0,14
1156,1,0,12
1157,2,0,13
1158,2,0,14
1159,2,0,15
1160,2,0,14
1163,2,0,14
1165,2,0,12
1166,2,0,13
1169,1,0,12
1171,1,0,12
1172,2,0,12
1174,1,0,16
1175,2,0,19
1176,1,0,16
1177,2,0,16
1178,2,0,17
1179,2,0,12
1180,1,0,13
1181,2,0,13
1182,2,0,18
1184,2,0,16
1185,1,0,20
1186,1,0,16
1187,2,0,18
1188,1,0,15
1189,2,0,14
1190,1,0,12
1191,2,0,16
1193,1,0,12
1194,1,0,12
1195,2,0,16
1197,1,0,16
1198,1,0,14
1201,1,0,15
1206,2,1,10
1207,2,1,13
1208,2,0,20
1211,1,1,9
1215,1,0,12
1220,2,0,12
1221,2,0,12
1222,1,0,12
1226,2,0,10
1229,1,0,12
1230,2,0,12
1231,2,0,19
1232,1,0,12
1233,2,0,14
1234,2,0,16
1235,1,0,12
1236,2,0,12
1237,1,0,12
1239,1,0,13
1240,2,0,18
1241,2,1,12
1242,2,1,12
1244,2,1,9
1247,1,0,12
1249,1,0,12
1250,2,0,12
1251,2,0,12
1252,2,0,16
1253,2,0,12
1256,1,0,13
1257,1,0,12
1259,2,0,12
1260,1,1,9
1261,2,0,14
1262,2,0,18
1263,2,0,12
1265,1,1,12
1267,1,0,12
1268,1,0,16
1269,2,0,15
1272,1,0,12
1273,1,0,13
1274,2,0,16
1275,1,0,12
1276,2,0,16
1277,2,0,17
1278,1,0,12
1279,2,1,15
1280,1,0,12
1282,1,1,12
1283,2,0,18
1284,1,0,9
1285,2,1,8
1286,2,0,16
1287,1,0,14
1289,1,0,12
1290,2,0,14
1292,1,0,12
1293,2,0,16
1294,1,0,15
1295,2,1,9
1297,2,1,11
1300,1,0,12
1301,1,0,14
1302,2,1,8
1303,1,0,18
1306,2,0,12
1310,2,0,16
1311,1,0,16
1312,2,0,12
1313,2,1,12
1314,1,0,11
1316,1,1,9
1318,1,0,8
1319,1,0,12
1320,1,0,13
1321,1,0,13
1323,2,0,17
1324,2,0,15
1325,1,0,16
1326,2,0,16
1327,2,0,12
1328,2,0,12
1329,1,1,9
1330,1,0,10
1334,2,1,12
1335,2,1,12
1338,1,0,13
1340,1,0,12
1341,2,0,12
1342,1,1,9
1344,2,0,18
1345,1,0,12
1347,2,0,15
1350,1,0,13
1351,1,0,12
1352,2,0,12
1354,1,0,12
1355,1,0,16
1356,2,0,16
1358,1,0,14
1360,2,0,12
1361,2,1,8
1362,2,0,16
1363,1,0,16
1366,2,0,12
1368,1,0,16
1372,1,0,16
1374,2,0,16
1375,2,0,15
1376,2,0,16
1378,2,0,15
1379,1,0,15
1380,2,0,12
1381,2,1,12
1382,2,0,15
1383,1,0,12
1384,1,0,12
1385,2,0,13
1386,1,0,12
1387,1,1,12
1389,2,0,19
1391,2,1,10
1392,2,0,7
1393,1,0,15
1394,2,0,15
1395,2,0,20
1397,1,0,12
1398,2,1,16
1399,2,0,14
1401,2,0,8
1402,2,0,17
1403,1,0,16
1404,1,0,14
1405,1,1,9
1406,2,1,13
1408,1,0,14
1411,2,0,14
1412,2,1,12
1413,1,0,11
1414,2,0,8
1415,2,1,12
1416,2,0,12
1417,1,1,12
1418,1,0,12
1419,2,0,12
1420,1,0,8
1423,2,0,12
1425,1,0,12
1427,2,0,14
1429,1,0,16
1432,1,0,16
1433,1,0,17
1434,1,1,11
1435,2,0,12
1436,2,1,11
1438,2,0,12
1439,2,1,14
1440,2,1,13
1441,2,0,7
1442,2,0,12
1443,2,0,12
1444,2,0,13
1446,2,0,12
1454,2,0,12
1455,2,0,7
1456,1,1,12
1458,1,0,12
1462,1,0,12
1464,1,0,12
1465,2,1,8
1468,1,0,12
1470,2,0,18
1474,2,0,14
1476,1,0,13
1477,1,0,16
1479,1,0,18
1480,1,0,14
1483,2,0,12
1484,2,0,13
1485,1,0,11
1486,1,0,12
1487,2,0,13
1488,1,1,12
1489,2,0,12
1491,2,0,13
1492,1,0,14
1493,2,0,12
1495,2,0,12
1496,1,0,16
1497,2,0,16
1499,2,0,12
1500,1,0,12
1501,1,0,17
1502,2,0,16
1504,1,0,18
1505,1,0,15
1507,2,0,12
1508,1,0,14
1510,2,0,16
1511,2,0,18
1512,2,0,15
1514,2,0,13
1515,1,0,12
1516,2,0,12
1518,1,0,12
1519,2,0,12
1520,1,0,12
1521,1,0,12
1522,2,0,16
1524,2,0,9
1525,2,0,12
1527,1,0,12
1528,1,0,12
1529,2,0,13
1530,2,0,15
1531,2,0,12
1532,2,1,12
1533,2,1,12
1534,2,0,12
1538,2,0,18
1539,2,0,12
1540,2,0,16
1541,2,0,12
1542,1,1,12
1543,1,0,10
1545,1,0,12
1546,2,0,12
1547,1,0,11
1548,2,1,10
1549,2,0,12
1551,2,0,12
1552,2,0,16
1553,2,0,12
1554,1,0,12
1555,1,0,14
1556,1,0,12
1557,1,0,12
1558,2,0,14
1559,2,0,12
1564,2,0,14
1565,1,0,18
1566,2,1,15
1567,1,0,14
1568,2,0,14
1569,1,0,16
1571,2,0,15
1573,1,0,13
1574,1,0,16
1575,1,0,14
1577,1,0,12
1579,2,0,12
1580,1,0,11
1581,2,0,12
1582,1,0,12
1584,2,0,15
1585,1,0,12
1586,2,1,12
1587,2,0,16
1588,1,0,16
1589,2,0,16
1590,1,0,12
1591,1,0,12
1592,2,0,10
1593,2,1,12
1594,1,0,12
1596,2,1,11
1597,1,0,12
1598,2,0,12
1599,2,0,12
1600,2,1,16
1601,1,0,16
1602,1,0,12
1603,1,0,17
1605,2,0,12
1607,2,0,12
1608,2,0,12
1609,2,0,12
1612,1,1,15
1616,2,0,14
1617,2,0,12
1618,1,1,12
1619,1,0,18
1621,2,1,17
1622,1,0,16
1623,2,0,17
1624,2,0,20
1625,2,0,19
1626,1,0,16
1628,1,0,15
1629,2,0,12
1630,1,0,15
1631,1,0,16
1632,1,0,18
1633,2,0,20
1634,2,0,16
1635,1,0,12
1636,1,0,12
1638,2,0,13
1639,2,0,16
1640,2,0,12
1641,1,0,12
1642,2,0,14
1645,1,0,13
1646,2,1,14
1647,2,0,9
1648,2,1,9
1649,2,1,11
1650,2,1,12
1651,1,0,12
1652,2,1,13
1654,1,0,11
1655,2,0,14
1656,2,0,12
1657,2,0,14
1658,2,0,16
1659,1,0,14
1660,1,0,12
1662,2,1,12
1663,1,0,12
1666,2,0,15
1667,1,1,11
1668,1,0,20
1670,1,0,16
1673,1,1,13
1674,2,0,12
1675,2,0,18
1677,1,0,12
1680,2,1,12
1683,2,0,12
1685,2,0,13
1686,1,1,11
1687,1,1,10
1689,2,0,12
1690,2,0,12
1691,2,1,12
1693,1,0,12
1696,1,0,13
1698,1,0,12
1700,1,0,12
1702,1,0,13
1704,2,1,12
1707,2,0,16
1708,1,0,16
1710,1,0,16
1711,2,0,14
1712,2,0,18
1714,2,0,14
1716,2,0,13
1718,1,0,13
1719,2,0,18
1720,2,1,14
1721,1,0,11
1724,1,0,12
1726,2,0,12
1727,2,0,12
1728,1,0,12
1729,2,0,12
1730,2,1,16
1732,2,0,15
1733,2,0,16
1734,2,0,17
1735,2,0,17
1736,2,0,17
1737,2,0,17
1739,1,0,15
1740,2,0,16
1744,1,0,13
1745,2,0,17
1746,1,0,19
1747,2,0,13
1750,1,0,12
1751,2,0,12
1752,2,0,12
1754,2,1,12
1755,1,0,12
1756,1,0,12
1758,2,0,15
1759,1,1,13
1760,2,0,15
1762,1,0,14
1763,1,0,16
1764,1,0,11
1765,1,0,16
1766,2,0,16
1768,2,1,12
1769,2,0,12
1770,2,0,11
1772,1,1,12
1774,2,0,15
1776,2,0,12
1778,2,0,12
1779,1,0,11
1780,1,0,13
1782,1,1,12
1783,1,1,12
1784,1,0,15
1785,2,0,12
1786,2,0,12
1787,2,0,17
1788,1,0,12
1790,1,0,12
1792,1,0,14
1793,2,0,14
1795,2,0,20
1796,1,0,12
1798,2,0,15
1799,2,0,13
1800,2,1,13
1802,1,0,12
1804,2,0,17
1805,1,0,12
1806,1,0,12
1809,1,0,13
1810,1,0,13
1811,1,0,9
1812,1,0,9
1813,1,0,11
1815,2,0,12
1816,2,0,9
1817,1,0,12
1819,1,0,15
1822,1,1,11
1824,2,0,9
1826,2,0,12
1828,2,1,12
1829,2,1,13
1830,1,1,12
1833,2,0,9
1835,1,0,12
1836,1,0,14
1838,2,0,12
1839,2,0,12
1840,2,1,12
1841,2,0,20
1842,2,0,16
1843,1,0,17
1844,2,0,16
1846,1,0,18
1847,2,0,14
1848,2,0,13
1851,1,0,14
1853,2,0,12
1854,1,0,16
1855,1,0,11
1856,2,0,15
1858,2,0,18
1862,2,0,12
1863,2,0,12
1865,2,0,12
1866,2,0,12
1867,1,0,12
1868,2,0,13
1869,1,0,12
1870,2,0,14
1872,1,0,12
1873,1,0,12
1876,2,0,15
1878,2,0,12
1880,2,0,20
1884,1,0,12
1885,2,0,16
1886,2,0,18
1887,1,0,12
1888,2,0,12
1890,1,0,12
1891,1,0,12
1893,2,0,16
1895,1,0,14
1896,2,0,16
1901,1,0,12
1902,2,0,12
1904,2,0,12
1905,2,0,12
1906,2,0,18
1909,1,0,13
1910,1,0,12
1911,1,0,12
1912,2,0,14
1913,2,0,12
1914,1,0,19
1916,1,0,19
1917,1,0,12
1918,1,0,12
1919,1,0,14
1921,2,0,13
1924,1,0,16
1925,1,0,12
1927,2,0,12
1928,2,0,8
1929,2,0,14
1930,1,0,16
1935,2,0,16
1936,2,0,15
1937,2,0,16
1938,2,0,15
1944,1,0,14
1947,2,0,12
1948,2,0,12
1951,2,0,18
1952,1,0,17
1954,2,0,16
1955,1,0,14
1957,1,0,12
1958,1,0,15
1959,1,0,11
1960,2,0,12
1962,2,0,12
1964,1,0,12
1965,2,0,12
1967,2,0,16
1968,2,0,12
1970,1,1,16
1971,1,0,12
1972,2,0,16
1974,2,0,17
1975,1,0,12
1976,2,0,15
1977,1,0,12
1978,1,0,14
1979,1,0,14
1982,2,0,12
1984,1,0,12
1985,2,0,12
1988,1,0,12
1990,2,0,12
1991,1,0,9
1992,1,0,13
1993,2,1,12
1994,2,0,13
1995,2,1,15
1996,1,0,12
1999,2,0,19
2000,1,0,12
2003,2,0,12
2004,2,0,16
2005,1,0,16
2006,1,0,16
2007,1,0,14
2008,2,1,14
2010,1,0,19
2011,2,0,13
2012,2,0,12
2013,2,0,12
2014,1,0,12
2015,1,0,13
2016,2,0,17
2017,2,0,19
2018,1,0,12
2021,2,0,12
2023,1,1,12
2024,1,0,15
2025,1,0,13
2026,1,0,13
2027,2,0,19
2030,2,0,16
2031,1,0,11
2032,1,0,12
2033,1,0,12
2034,1,0,16
2035,2,1,12
2037,2,0,19
2038,1,0,18
2040,1,0,14
2042,2,0,18
2043,1,0,17
2045,1,0,12
2046,2,0,12
2047,1,0,13
2048,1,0,16
2049,2,0,16
2051,1,0,11
2054,2,0,7
2055,1,0,12
2056,1,0,16
2057,2,1,15
2058,2,0,12
2059,1,0,12
2061,2,0,16
2062,2,0,16
2063,2,0,12
2064,2,0,12
2066,2,0,12
2067,1,0,12
2068,2,0,16
2070,2,0,12
2071,2,0,13
2072,2,0,12
2073,2,0,12
2074,2,0,12
2075,1,0,12
2076,2,0,12
2077,2,0,12
2078,1,0,12
2079,2,0,12
2080,1,0,12
2081,1,0,12
2082,2,0,12
2083,2,0,16
2085,1,0,12
2086,1,0,12
2087,1,0,12
2088,2,0,14
2089,1,0,12
2090,1,0,10
2091,1,1,9
2093,1,0,12
2094,2,0,10
2096,1,0,16
2097,1,0,12
2098,2,0,12
2099,2,0,13
2100,1,0,12
2101,1,0,12
2102,2,0,12
2103,2,0,13
2104,2,0,12
2105,2,0,12
2106,1,0,12
2107,1,0,14
2110,1,0,17
2112,2,0,12
2113,1,0,19
2115,2,0,12
2116,1,0,12
2119,2,0,12
2120,2,0,14
2121,2,0,12
2122,1,0,12
2123,2,0,18
2124,2,0,16
2125,2,0,12
2126,2,0,17
2127,1,0,12
2128,2,1,12
2129,2,0,12
2130,2,0,12
2131,2,0,10
2132,2,0,14
2133,2,0,14
2135,1,0,12
2136,2,0,17
2137,2,0,14
2138,1,0,12
2141,1,0,16
2143,1,0,12
2144,1,0,16
2145,1,0,13
2147,1,0,14
2148,2,0,15
2149,1,1,15
2152,2,0,12
2153,2,1,12
2155,2,0,19
2156,2,0,12
2157,1,0,12
2158,2,1,12
2159,1,0,16
2160,1,1,7
2162,2,0,14
2163,1,0,14
2164,2,0,18
2165,2,0,12
2167,2,0,16
2168,1,0,16
2169,1,0,13
2171,1,0,16
2172,1,0,14
2173,1,0,12
2174,2,0,12
2175,2,0,12
2176,2,0,13
2177,1,0,12
2179,2,0,7
2180,1,0,12
2183,1,0,14
2184,1,0,14
2185,1,0,15
2188,1,0,14
2189,1,0,16
2190,2,0,13
2193,2,0,12
2195,1,1,8
2196,2,0,12
2197,1,1,12
2200,2,0,17
2202,1,0,16
2203,2,0,12
2204,2,0,15
2207,1,0,14
2208,1,0,12
2210,2,0,12
2211,2,0,12
2212,2,0,12
2213,1,1,11
2214,2,0,12
2215,2,0,12
2216,1,0,12
2217,2,1,13
2218,1,0,16
2219,1,0,12
2221,2,0,14
2222,1,0,16
2223,1,0,12
2224,2,0,10
2227,1,0,12
2230,2,0,16
2231,1,0,13
2232,2,0,12
2233,1,0,16
2236,1,0,16
2237,2,0,18
2238,1,0,16
2240,2,1,11
2242,2,0,15
2243,2,0,16
2245,2,0,16
2246,2,0,13
2247,2,0,12
2248,1,0,12
2249,2,0,12
2250,2,1,12
2251,2,0,12
2252,2,0,9
2254,2,0,10
2255,1,0,8
2259,2,0,12
2261,1,0,12
2262,2,1,12
2263,1,0,15
2264,1,0,12
2267,2,1,10
2269,1,0,12
2270,2,1,12
2271,2,1,12
2272,2,0,12
2273,1,0,13
2274,2,0,6
2275,2,0,12
2276,1,0,12
2277,1,0,16
2278,2,0,15
2283,2,0,12
2284,2,0,13
2285,2,0,20
2287,2,0,18
2288,2,0,17
2289,2,0,12
2290,2,0,17
2291,1,0,16
2294,2,0,16
2295,2,0,15
2297,2,0,12
2298,2,0,16
2300,1,0,16
2301,2,0,16
2302,1,0,17
2304,1,0,12
2305,1,0,12
2306,1,0,9
2310,2,0,13
2311,2,1,12
2313,2,0,12
2314,1,0,12
2315,2,0,13
2317,2,0,13
2318,1,0,9
2319,2,1,10
2323,1,0,16
2324,2,0,16
2326,1,0,12
2327,1,0,12
2328,2,0,16
2329,1,0,16
2331,1,0,17
2332,1,0,15
2333,2,0,13
2334,1,0,10
2337,2,0,14
2338,1,0,12
2339,2,0,19
2340,2,0,12
2341,1,0,14
2342,2,0,12
2343,1,0,14
2344,1,0,14
2346,2,0,14
2351,1,0,12
2352,1,0,10
2353,1,0,16
2354,1,0,9
2355,2,1,9
2359,2,1,15
2360,2,0,17
2361,1,0,12
2362,2,0,13
2363,1,1,12
2364,2,0,11
2365,1,0,12
2367,1,0,16
2369,2,0,18
2370,2,0,14
2372,1,0,16
2374,2,0,12
2375,2,0,13
2376,1,0,12
2377,1,0,12
2380,1,0,12
2381,1,0,12
2383,2,0,12
2385,1,0,14
2386,1,0,15
2388,2,0,15
2391,1,0,12
2392,1,0,11
2394,2,0,12
2395,2,1,12
2396,2,1,12
2397,1,0,10
2399,2,1,10
2400,2,0,12
2401,1,0,12
2403,1,1,11
2404,2,0,12
2405,2,0,16
2406,1,1,12
2409,2,0,12
2410,2,0,12
2412,2,0,12
2413,1,0,12
2415,1,0,14
2417,1,0,13
2418,2,0,12
2419,1,0,10
2420,2,0,10
2421,1,0,12
2422,1,0,15
2423,1,0,12
2424,2,0,12
2425,1,0,12
2426,2,0,13
2427,1,0,12
2430,2,0,10
2433,2,0,14
2434,2,0,12
2435,2,0,12
2436,2,0,12
2437,2,0,14
2438,1,0,17
2439,1,0,12
2441,2,0,12
2442,2,0,18
2443,1,0,12
2444,2,0,16
2447,2,0,13
2449,1,0,12
2450,2,0,12
2451,1,0,12
2452,2,0,12
2454,2,0,13
2455,1,0,12
2456,1,1,11
2458,2,0,12
2459,2,1,12
2460,1,0,12
2461,2,0,17
2462,2,0,11
2463,1,0,15
2464,1,0,13
2465,1,0,19
2466,1,0,10
2467,1,0,17
2468,1,0,16
2469,2,1,16
2470,1,0,12
2471,2,0,12
2472,1,0,13
2473,2,0,12
2475,1,0,12
2476,1,0,11
2477,1,0,15
2478,2,1,12
2479,1,0,12
2480,2,0,12
2481,1,0,8
2482,2,0,8
2483,2,0,12
2484,2,0,12
2485,2,0,11
2486,1,0,12
2487,1,0,12
2488,2,0,11
2489,1,0,13
2490,1,0,16
2491,1,0,16
2492,2,0,12
2493,1,0,12
2494,1,0,16
2496,2,0,12
2497,1,0,12
2501,2,0,12
2502,1,0,17
2504,1,0,12
2505,2,0,14
2506,1,0,12
2508,1,0,14
2509,1,0,16
2510,2,1,14
2512,2,0,12
2513,1,0,12
2514,2,0,17
2515,2,0,16
2516,1,0,12
2517,1,0,12
2518,1,1,14
2520,1,0,18
2522,1,0,12
2523,2,0,14
2524,1,0,14
2525,2,0,12
2526,1,0,17
2527,1,0,12
2528,2,0,12
2529,2,0,12
2530,2,0,12
2535,1,0,12
2538,2,1,12
2539,1,0,12
2540,1,0,12
2541,1,0,12
2542,2,0,13
2543,2,0,12
2544,2,0,16
2545,1,0,16
2547,1,0,12
2548,1,0,12
2549,2,0,18
2551,2,0,16
2552,2,0,16
2556,2,0,12
2557,1,0,16
2559,2,0,14
2564,2,0,12
2565,2,0,16
2566,2,0,14
2567,2,0,16
2568,1,0,14
2569,2,0,17
2570,2,0,16
2572,1,0,16
2573,2,0,17
2574,1,0,12
2576,1,0,12
2577,2,0,12
2578,1,0,12
2580,2,0,12
2581,1,0,12
2584,1,0,12
2587,1,0,7
2588,2,0,17
2589,1,0,20
2590,2,0,16
2591,2,0,12
2592,2,0,12
2594,1,0,12
2595,1,1,12
2596,2,1,10
2597,1,0,17
2598,1,0,12
2601,1,0,12
2602,1,0,13
2604,1,0,12
2605,2,0,12
2606,2,0,16
2607,2,0,16
2610,1,0,12
2612,1,0,12
2613,1,0,13
2614,1,0,12
2615,2,0,12
2616,1,0,14
2620,1,0,14
2621,1,0,14
2622,2,0,19
2623,2,0,12
2625,1,0,16
2626,2,0,20
2627,2,0,14
2628,2,0,18
2629,2,0,12
2630,1,0,17
2631,1,0,13
2632,1,0,12
2635,2,0,12
2636,2,0,18
2637,1,0,16
2638,2,0,16
2639,1,1,10
2640,2,0,12
2642,1,0,18
2645,2,0,13
2646,2,0,18
2647,1,0,14
2649,1,0,18
2650,1,0,12
2651,2,0,12
2652,2,0,12
2653,1,0,6
2655,2,1,10
2658,1,1,12
2659,2,1,8
2660,1,1,9
2661,1,0,9
2662,2,0,12
2665,1,0,12
2666,1,1,9
2668,2,0,12
2669,2,0,12
2670,2,1,12
2671,1,0,12
2672,2,0,12
2673,1,1,4
2674,1,0,4
2675,2,0,6
2676,1,0,10
2678,2,0,14
2680,2,0,17
2681,2,1,0
2682,1,0,12
2683,2,1,11
2684,1,0,18
2685,1,0,17
2688,1,0,14
2689,2,0,12
2690,2,0,12
2691,2,0,13
2692,2,0,12
2693,1,0,13
2694,1,0,15
2697,1,0,12
2699,2,0,12
2701,2,0,16
2702,1,0,16
2703,1,0,16
2705,2,0,9
2706,2,0,12
2707,1,0,12
2708,1,0,12
2709,2,1,12
2710,2,0,12
2711,1,0,12
2713,1,0,12
2714,1,0,16
2716,1,0,9
2717,1,0,12
2718,1,0,13
2720,2,1,7
2721,1,0,9
2722,2,0,12
2723,2,0,16
2724,1,0,18
2725,1,0,14
2727,2,0,14
2728,1,0,10
2730,2,0,16
2731,2,0,16
2732,1,0,12
2733,1,0,12
2734,1,1,12
2735,2,1,14
2736,2,0,13
2737,2,0,13
2738,2,0,12
2739,2,0,16
2740,2,0,16
2741,1,0,12
2742,2,0,13
2743,2,0,14
2745,1,0,12
2747,1,1,9
2748,2,0,12
2752,2,0,12
2753,2,0,12
2755,1,0,12
2757,2,0,12
2758,2,0,10
2759,1,0,10
2760,1,0,12
2761,1,1,12
2762,1,0,12
2765,1,0,14
2766,1,1,13
2767,1,0,14
2770,2,0,16
2771,2,0,16
2772,1,0,12
2774,1,0,14
2775,2,0,12
2776,1,0,14
2778,2,1,9
2779,1,0,12
2780,1,0,12
2781,2,0,12
2783,1,0,12
2784,2,0,12
2787,1,0,12
2790,2,1,13
2792,2,1,12
2793,1,0,12
2794,1,0,12
2795,2,0,12
2797,1,0,12
2798,1,0,12
2800,1,0,18
2803,1,0,13
2804,2,0,16
2806,2,0,17
2808,2,0,12
2809,2,0,16
2810,2,0,12
2811,1,0,12
2813,1,0,16
2814,2,0,16
2815,1,0,13
2816,1,0,12
2818,2,0,14
2820,1,0,12
2823,2,0,17
2825,2,0,14
2826,2,0,12
2829,2,0,12
2830,1,0,12
2831,2,0,12
2832,1,0,12
2837,1,0,12
2838,1,1,16
2839,1,0,13
2840,2,0,18
2841,2,0,14
2842,1,0,14
2845,1,0,20
2846,2,0,20
2847,2,0,19
2848,2,0,16
2849,2,0,16
2850,2,0,18
2851,1,0,18
2852,1,0,12
2853,1,1,12
2854,1,0,13
2856,2,0,14
2858,1,0,12
2860,1,0,16
2861,1,0,17
2864,2,0,12
2865,2,1,11
2866,1,0,13
2867,2,0,11
2870,1,0,16
2871,1,0,18
2872,2,0,14
2873,1,0,20
2874,1,0,9
2876,1,0,12
2877,2,0,14
2878,2,1,6
2880,2,0,12
2881,1,0,12
2886,2,0,13
2887,2,0,12
2889,2,0,16
2890,1,0,12
2892,2,1,19
2893,1,0,19
2894,2,0,16
2895,1,0,16
2896,1,0,18
2899,2,0,16
2900,2,0,18
2902,2,0,16
2904,1,0,19
2907,1,0,16
2908,2,0,16
2909,2,0,18
2911,2,0,12
2915,1,0,20
2916,1,0,17
2918,2,0,12
2919,2,0,12
2920,1,0,12
2921,1,0,12
2922,1,0,12
2923,1,0,12
2928,2,0,16
2929,2,0,14
2931,1,0,12
2932,1,0,10
2933,1,0,7
2938,2,0,13
2939,1,0,15
2940,2,0,16
2941,1,0,20
2942,2,1,13
2944,1,0,12
2945,1,0,13
2946,2,0,16
2950,1,0,16
2952,2,0,13
2953,1,0,10
2955,2,0,16
2956,1,0,16
2957,1,0,20
2958,1,0,16
2959,2,0,20
2961,2,0,19
2962,1,0,16
2963,1,0,16
2964,2,0,16
2965,1,0,12
2968,1,0,12
2970,2,1,12
2974,1,0,10
2975,1,0,14
2976,1,0,12
2977,1,0,12
2980,1,0,20
2981,1,1,13
2984,1,0,16
2988,1,0,16
2989,1,0,19
2990,2,0,12
2993,2,0,12
2994,1,0,12
2995,2,0,12
2996,1,0,14
2997,1,0,12
2998,1,0,12
2999,1,0,13
3003,1,1,9
3004,2,1,16
3006,2,0,14
3009,2,1,14
3011,2,0,18
3012,2,0,12
3014,2,1,8
3016,1,0,16
3018,1,0,16
3019,1,0,18
3021,2,0,12
3022,1,0,16
3023,2,0,12
3024,1,0,13
3025,2,0,14
3028,1,0,12
3032,1,1,11
3035,2,1,12
3036,2,0,12
3037,1,0,12
3039,1,0,12
3041,2,1,13
3045,2,1,9
3046,2,1,12
3048,2,0,14
3049,2,1,12
3050,1,0,8
3051,2,0,12
3054,2,0,12
3055,1,0,12
3056,1,0,12
3057,2,0,12
3058,2,0,12
3059,1,0,12
3060,1,0,14
3061,2,0,16
3062,1,0,16
3063,1,0,12
3068,2,0,12
3071,1,0,12
3075,2,0,12
3079,2,0,12
3081,2,0,12
3083,1,0,14
3084,1,0,16
3085,2,0,16
3087,1,0,11
3088,1,0,8
3089,1,0,15
3091,2,0,14
3093,2,0,12
3094,2,1,12
3095,2,0,12
3097,1,0,16
3098,2,0,12
3100,1,0,12
3101,2,0,14
3102,1,0,15
3103,1,0,10
3104,1,1,10
3105,2,0,12
3106,2,0,18
3107,2,0,15
3108,2,0,12
3109,2,0,17
3111,2,0,14
3112,2,0,16
3113,2,0,12
3115,2,0,12
3117,2,0,14
3118,2,0,12
3119,2,0,12
3121,2,0,12
3122,2,0,13
3123,1,0,14
3124,1,0,12
3127,1,1,12
3128,1,0,12
3129,2,0,12
3139,1,0,16
3140,1,0,13
3142,1,0,18
3143,2,0,16
3145,2,0,16
3146,2,0,17
3150,2,0,16
3151,2,0,12
3152,1,0,18
3153,2,0,16
3154,2,0,16
3155,2,0,13
3157,2,0,16
3159,1,0,15
3160,1,0,17
3162,2,0,16
3165,2,0,12
3166,1,0,16
3168,1,0,19
3169,1,0,16
3170,1,0,19
3172,1,0,20
3174,2,1,15
3178,2,0,12
3179,2,0,16
3180,1,0,18
3181,1,0,19
3182,2,0,16
3186,1,0,16
3187,1,0,20
3190,2,0,12
3192,1,0,12
3193,1,0,12
3194,1,0,12
3195,1,0,12
3196,1,0,12
3198,2,0,16
3199,2,0,12
3201,2,0,14
3202,1,0,12
3204,2,0,12
3205,2,0,16
3206,2,0,12
3207,1,0,12
3208,1,0,16
3209,2,0,12
3214,1,0,12
3215,1,0,12
3216,1,0,18
3218,2,1,13
3219,1,0,14
3224,1,1,17
3225,2,0,14
3227,2,0,16
3229,1,0,20
3232,1,0,14
3234,2,0,15
3235,1,0,12
3236,2,0,12
3237,2,0,13
3239,1,0,17
3240,1,0,19
3242,2,0,12
3243,2,0,16
3244,2,0,18
3245,2,0,12
3246,1,0,12
3247,1,0,12
3248,2,0,12
3249,2,0,14
3250,2,0,14
3251,1,0,12
3253,2,0,12
3254,2,0,12
3255,1,0,13
3256,1,0,20
3257,1,0,18
3258,1,0,13
3259,2,1,8
3261,1,0,9
3263,1,0,16
3265,1,0,12
3266,2,0,16
3268,2,0,12
3269,2,0,14
3272,1,0,12
3274,1,1,10
3278,2,0,19
3280,2,0,14
3284,1,0,15
3285,2,0,12
3286,2,0,19
3287,2,0,13
3289,1,0,16
3290,1,0,20
3291,2,0,16
3294,2,0,18
3297,1,0,12
3299,2,0,15
3300,2,0,14
3302,1,0,13
3303,2,0,16
3304,2,0,13
3305,2,0,17
3306,2,0,12
3309,2,0,17
3310,1,1,12
3312,2,0,15
3313,1,1,9
3315,2,0,13
3316,2,0,15
3321,2,0,10
3324,1,0,12
3325,2,1,12
3326,1,1,12
3330,1,0,13
3331,1,0,13
3333,1,0,12
3334,1,1,12
3337,2,0,18
3338,2,0,16
3341,2,0,18
3342,2,0,17
3343,2,0,10
3346,1,0,12
3347,2,0,12
3348,2,0,12
3350,2,0,14
3351,1,0,15
3352,2,0,16
3353,1,0,12
3354,1,1,14
3356,1,1,14
3357,1,0,18
3359,1,0,15
3360,2,0,16
3361,1,0,19
3362,2,0,12
3364,2,0,14
3367,2,0,20
3368,2,0,16
3369,2,0,16
3370,2,0,17
3371,2,1,12
3378,2,0,16
3379,1,0,18
3380,1,0,14
3381,1,0,12
3387,2,0,15
3389,1,0,12
3390,1,0,20
3391,1,0,17
3392,1,0,13
3393,2,0,17
3394,1,0,19
3399,1,0,12
3400,1,0,12
3401,1,0,13
3402,2,0,16
3405,1,0,13
3406,2,0,17
3407,2,0,16
3410,1,0,16
3411,2,0,15
3412,2,0,12
3413,2,0,12
3414,1,0,16
3416,2,0,12
3417,1,0,12
3418,2,0,12
3419,2,0,14
3420,1,0,14
3421,2,0,13
3422,2,1,17
3423,2,0,16
3424,2,0,14
3425,1,0,13
3426,2,1,16
3429,2,0,16
3430,2,0,16
3431,1,0,17
3432,2,0,13
3433,2,0,16
3434,2,0,16
3438,2,0,7
3440,1,0,11
3441,1,0,10
3442,2,0,18
3444,2,1,12
3446,2,0,12
3447,2,0,12
3452,2,1,12
3453,1,0,12
3455,1,0,12
3457,2,0,14
3458,2,0,14
3460,1,0,12
3461,1,0,14
3463,1,0,16
3464,1,0,16
3465,2,1,12
3466,1,0,16
3467,2,0,12
3468,1,0,15
3469,2,0,18
3471,1,0,12
3472,1,0,18
3473,1,0,12
3474,1,0,12
3475,2,0,12
3476,2,0,13
3477,2,0,14
3479,1,0,12
3481,2,0,14
3482,1,0,13
3483,1,0,13
3488,2,0,12
3491,2,0,12
3492,1,0,12
3493,1,0,12
3494,1,0,13
3495,1,0,12
3496,2,0,14
3497,1,0,15
3499,1,0,18
3502,2,0,12
3503,1,0,12
3506,2,0,16
3507,1,0,14
3509,1,0,12
3511,2,0,12
3512,2,0,12
3514,2,0,12
3515,1,0,18
3516,1,0,12
3517,1,1,12
3519,2,0,12
3520,1,0,18
3521,1,0,13
3522,2,0,12
3523,2,0,12
3530,1,0,16
3531,2,0,13
3532,2,0,12
3533,1,0,14
3537,2,0,12
3538,1,0,12
3540,1,0,11
3543,2,1,12
3544,2,1,12
3545,2,0,14
3546,2,0,15
3549,2,0,12
3550,1,0,12
3551,2,0,16
3552,2,0,14
3554,2,0,10
3556,2,0,12
3557,2,0,12
3559,1,0,12
3560,2,0,12
3561,1,0,12
3562,1,0,12
3563,1,0,12
3564,2,0,12
3565,2,0,12
3570,1,0,9
3572,2,0,10
3573,2,0,12
3574,2,0,12
3575,1,0,12
3580,1,0,12
3581,1,0,16
3582,1,0,18
3583,1,0,19
3585,1,0,16
3586,2,0,12
3587,1,0,14
3588,1,0,18
3589,1,0,12
3591,1,0,12
3592,1,0,12
3595,1,0,12
3596,1,0,12
3597,2,0,14
3598,1,0,12
3600,1,0,12
3601,2,0,13
3602,1,0,12
3603,2,0,12
3604,1,0,12
3605,2,0,12
3606,2,0,13
3607,1,0,11
3608,1,0,16
3609,2,0,14
3611,2,0,12
3612,1,0,12
3613,2,0,12
3614,2,0,16
3615,1,0,12
3616,1,0,12
3617,1,0,16
3618,2,0,16
3619,1,0,17
3620,1,0,12
3623,1,0,16
3624,2,0,16
3625,2,0,16
3626,2,0,16
3627,1,0,12
3629,2,0,16
3630,2,0,15
3632,1,0,10
3633,2,1,12
3636,2,0,18
3637,2,0,12
3639,1,0,9
3640,1,0,12
3641,2,0,15
3643,2,0,16
3647,2,1,12
3648,2,1,12
3650,2,0,12
3651,2,0,16
3653,1,0,12
3654,2,0,12
3655,2,0,12
3657,1,1,11
3660,1,0,12
3661,2,0,14
3662,2,0,12
3663,2,0,17
3664,1,0,18
3666,1,0,13
3667,2,0,14
3668,1,0,19
3669,2,0,16
3672,1,0,16
3675,1,0,16
3676,1,0,16
3677,2,0,16
3680,1,0,16
3681,2,0,16
3685,1,0,16
3686,1,0,16
3687,2,0,16
3689,1,0,20
3690,1,0,18
3691,2,0,12
3692,2,1,12
3693,1,0,9
3694,1,0,11
3695,1,1,10
3697,2,1,12
3698,2,0,12
3702,1,0,12
3703,2,0,12
3704,2,1,12
3705,2,0,13
3709,2,0,16
3710,1,0,14
3711,2,1,16
3712,1,0,16
3713,1,0,12
3714,2,0,14
3715,2,0,12
3719,2,0,12
3722,1,0,12
3724,1,0,12
3725,2,0,13
3726,2,0,11
3727,2,1,12
3728,2,1,12
3729,2,1,12
3730,2,0,14
3734,2,0,15
3735,2,0,12
3736,2,0,12
3737,2,0,12
3738,2,0,12
3739,2,0,12
3740,2,0,12
3742,1,0,9
3743,1,0,18
3744,2,0,13
3745,1,0,16
3746,2,0,12
3751,1,0,12
3752,2,0,13
3754,2,0,12
3755,2,0,12
3756,2,0,12
3757,1,0,18
3762,1,0,12
3764,2,0,12
3765,1,0,12
3766,1,0,15
3767,2,0,9
3768,2,1,7
3769,2,0,14
3770,2,1,12
3771,2,0,15
3772,2,0,12
3774,2,0,9
3775,2,0,16
3776,1,0,12
3777,1,0,12
3779,2,0,15
3786,2,0,14
3787,2,0,15
3790,2,0,12
3791,2,0,14
3792,1,0,17
3793,2,0,14
3795,1,0,13
3796,2,0,12
3798,2,0,18
3799,2,0,16
3800,2,0,17
3802,2,0,13
3803,1,0,18
3805,1,0,16
3806,2,0,14
3807,1,0,15
3809,2,0,16
3811,1,0,16
3812,2,0,16
3813,2,0,14
3814,2,1,12
3815,1,0,16
3817,2,0,18
3819,2,0,12
3823,2,1,14
3825,1,1,12
3827,1,0,12
3829,1,0,12
3830,1,0,12
3832,2,0,12
3833,1,0,12
3836,2,0,19
3837,2,0,12
3838,1,0,12
3842,2,0,9
3843,2,0,12
3844,1,0,14
3846,2,0,12
3848,1,0,16
3850,2,0,12
3851,2,0,12
3853,2,0,14
3854,1,0,20
3855,2,0,20
3857,1,0,16
3859,2,0,12
3860,1,0,19
3861,1,0,16
3863,1,0,19
3865,1,0,20
3866,1,0,18
3870,1,0,14
3871,1,0,20
3872,2,0,16
3873,1,0,20
3874,1,0,16
3875,1,0,16
3877,2,0,15
3878,1,0,14
3883,1,0,15
3884,1,0,16
3886,1,0,17
3888,1,0,13
3889,2,0,16
3890,1,0,18
3892,1,0,16
3894,1,0,18
3895,1,0,20
3897,2,0,17
3899,2,0,14
3900,2,0,12
3901,1,0,15
3902,1,0,16
3903,2,0,17
3904,1,0,18
3908,2,0,13
3910,1,0,16
3911,2,0,18
3912,2,0,15
3914,2,0,12
3915,2,0,16
3916,1,0,18
3917,1,0,16
3918,2,0,19
3919,2,0,14
3920,1,0,12
3921,2,0,14
3922,2,1,16
3923,2,0,16
3924,2,0,20
3926,1,0,18
3927,2,0,12
3928,2,0,14
3929,2,0,12
3930,1,0,12
3931,2,1,11
3932,1,0,12
3933,1,0,12
3934,2,0,12
3936,2,0,12
3937,1,0,12
3938,2,0,12
3942,1,1,11
3944,2,0,12
3945,2,1,12
3948,2,0,9
3949,1,0,15
3950,1,1,13
3952,2,0,16
3953,2,0,16
3954,1,0,13
3955,1,1,12
3956,1,0,13
3957,1,0,12
3958,1,0,12
3961,1,0,8
3962,2,0,12
3963,1,0,12
3964,2,0,16
3965,1,0,15
3966,1,0,20
3967,1,0,16
3970,2,0,16
3971,1,0,19
3972,2,0,17
3973,1,0,12
3977,2,1,12
3978,2,0,14
3979,1,0,19
3981,1,1,10
3982,2,1,12
3984,1,0,16
3985,1,0,13
3987,1,0,12
3988,2,0,12
3991,2,0,9
3992,2,0,13
3993,2,1,12
3994,1,0,12
3995,2,0,12
3996,2,0,14
3997,2,1,12
3998,2,1,10
3999,1,0,11
4000,1,0,7
4001,2,0,13
4002,2,0,17
4003,2,0,9
4004,1,0,12
4006,1,0,16
4007,2,0,14
4008,1,0,13
4009,1,0,14
4010,1,0,19
4012,2,0,13
4013,1,0,12
4014,1,0,12
4015,2,0,14
4016,2,1,13
4017,2,0,13
4019,2,0,17
4020,1,1,12
4021,2,0,12
4022,1,0,12
4023,2,0,16
4025,1,0,12
4028,2,0,12
4029,1,0,9
4032,1,0,12
4033,2,0,15
4034,2,0,12
4037,2,0,15
4039,2,0,14
4041,2,0,13
4042,1,0,15
4044,1,0,14
4045,2,0,16
4046,1,0,12
4047,1,0,9
4048,1,0,12
4049,2,0,12
4050,2,0,12
4051,2,0,13
4052,1,0,13
4054,2,0,14
4055,1,0,18
4056,1,0,16
4057,2,0,16
4058,1,0,17
4059,1,0,18
4061,1,0,12
4062,1,0,12
4063,1,0,12
4064,1,0,12
4066,2,0,12
4067,1,0,12
4068,1,0,8
4069,1,0,12
4070,1,1,8
4074,2,0,19
4076,1,0,12
4077,2,0,12
4079,2,0,13
4081,1,0,12
4082,1,0,10
4084,2,0,17
4085,2,0,12
4088,1,0,13
4089,2,1,12
4090,1,0,12
4091,1,0,12
4092,2,0,18
4093,2,0,18
4094,2,0,18
4095,2,1,18
4097,2,0,12
4098,1,0,9
4099,2,0,12
4100,2,1,12
4103,2,0,12
4106,1,0,16
4107,2,0,19
4108,2,0,16
4109,2,1,14
4111,1,0,11
4113,1,0,12
4114,1,0,12
4116,2,0,16
4118,1,1,10
4120,2,0,13
4121,2,1,12
4122,1,0,17
4123,2,0,12
4124,2,0,18
4125,2,0,13
4128,1,0,12
4129,1,0,14
4130,1,0,12
4131,2,0,13
4132,2,0,14
4133,2,0,12
4134,1,0,12
4135,1,0,12
4136,2,0,8
4137,1,0,16
4138,1,0,12
4141,1,0,12
4142,2,0,12
4143,1,0,12
4145,2,0,12
4147,2,0,16
4148,2,0,15
4149,2,0,12
4151,2,0,12
4152,2,0,13
4154,2,0,13
4155,1,0,11
4158,1,1,12
4159,1,0,12
4161,1,0,12
4163,2,0,12
4166,1,0,12
4168,1,1,12
4170,2,0,14
4171,1,0,16
4172,1,0,16
4174,2,0,15
4176,2,0,14
4177,2,1,7
4178,2,1,12
4180,2,0,12
4181,1,1,11
4186,2,0,16
4188,2,0,12
4190,2,0,20
4191,1,0,18
4192,2,0,16
4194,2,1,16
4195,2,0,13
4198,2,0,11
4199,2,1,10
4200,2,0,15
4203,2,1,14
4210,2,1,12
4212,2,1,14
4213,1,0,16
4215,2,1,13
4217,1,0,12
4219,2,0,14
4220,2,1,12
4223,2,0,12
4224,2,0,19
4225,1,0,16
4226,1,0,20
4227,2,0,18
4228,2,0,13
4230,1,0,14
4231,2,0,13
4232,2,0,17
4234,1,0,12
4235,1,0,10
4236,2,0,13
4237,1,0,12
4238,1,0,15
4239,1,0,12
4240,1,0,12
4242,1,0,12
4244,1,0,18
4245,1,0,14
4247,1,0,13
4248,1,0,14
4249,2,0,12
4251,2,0,12
4252,2,0,14
4254,2,0,15
4256,2,0,13
4257,2,0,16
4258,1,0,13
4259,1,0,12
4260,1,0,13
4261,1,0,8
4262,2,1,7
4268,2,0,12
4269,1,0,12
4270,2,0,15
4271,1,0,16
4273,1,1,8
4274,2,1,9
4281,2,0,12
4282,2,0,13
4288,1,0,16
4289,1,0,20
4290,2,0,19
4291,2,0,13
4293,1,0,18
4295,2,0,14
4296,2,0,16
4297,1,0,13
4298,1,0,16
4299,1,0,16
4300,2,0,12
4302,1,0,19
4303,1,0,12
4305,2,0,12
4306,2,0,15
4307,1,0,14
4308,2,0,11
4309,1,0,17
4310,2,0,12
4311,1,0,15
4312,1,0,12
4313,1,1,12
4314,1,0,12
4315,1,0,14
4319,2,0,14
4320,2,0,15
4321,1,0,12
4323,2,0,12
4325,2,0,13
4326,2,0,12
4327,1,0,12
4328,1,0,12
4329,1,0,12
4330,1,0,14
4332,1,0,16
4335,1,0,11
4336,1,0,12
4339,2,0,12
4343,1,0,13
4344,1,1,13
4345,2,0,12
4346,2,0,12
4348,1,0,14
4350,1,0,16
4352,2,0,16
4353,2,0,16
4355,1,0,16
4356,2,0,16
4358,1,0,15
4360,1,0,16
4361,1,0,13
4364,1,0,16
4365,1,0,12
4366,2,0,14
4367,2,1,12
4368,2,0,12
4370,1,0,12
4371,2,0,12
4372,2,0,18
4373,2,0,12
4374,1,0,12
4375,2,1,8
4376,2,0,14
4379,2,0,13
4380,1,0,13
4382,1,0,16
4383,2,0,15
4384,1,1,12
4385,1,1,8
4386,2,1,12
4387,1,0,17
4390,1,0,12
4391,2,1,13
4394,1,0,12
4395,1,0,13
4396,2,0,11
4398,1,0,11
4400,2,0,12
4403,1,0,13
4404,2,1,12
4405,1,0,12
4407,1,0,16
4408,2,0,16
4409,1,0,13
4410,1,0,16
4411,2,0,14
4416,2,1,3
4419,1,0,12
4421,1,0,18
4422,2,0,12
4423,2,0,17
4424,2,0,18
4425,2,0,18
4426,1,0,15
4427,1,0,12
4428,2,0,19
4429,1,0,19
4430,1,0,15
4432,1,0,12
4433,1,1,11
4435,1,1,11
4436,1,1,9
4437,2,0,16
4438,2,0,13
4439,2,0,14
4445,2,0,12
4447,2,0,14
4448,1,0,16
4450,2,0,15
4451,2,0,14
4452,2,0,12
4455,2,0,10
4459,2,0,12
4462,1,0,11
4464,2,0,13
4465,2,0,14
4466,1,0,13
4467,1,0,11
4468,1,0,13
4469,2,0,12
4470,1,0,18
4471,1,0,20
4472,2,0,12
4473,2,1,11
4474,2,0,10
4476,2,1,8
4478,2,0,13
4479,2,0,18
4480,1,0,16
4481,2,0,18
4482,2,0,10
4487,2,0,12
4488,2,0,13
4493,2,0,16
4495,2,0,12
4496,2,0,12
4498,1,0,12
4499,2,0,14
4500,1,0,14
4501,1,0,8
4502,1,0,12
4503,1,0,11
4506,2,0,14
4509,1,0,14
4511,1,0,14
4513,1,0,14
4517,1,0,16
4518,1,0,15
4519,1,0,12
4520,1,0,12
4523,2,0,12
4525,2,1,15
4526,2,1,12
4528,2,0,14
4529,1,0,15
4531,1,0,16
4532,1,0,16
4533,2,0,16
4534,2,1,13
4535,1,0,14
4537,2,0,12
4538,2,0,12
4539,2,0,15
4540,1,1,16
4541,2,1,12
4542,1,1,13
4543,2,0,12
4544,2,0,12
4545,1,0,12
4546,2,0,12
4547,1,1,12
4548,1,0,16
4549,1,0,18
4550,1,1,16
4551,2,1,13
4555,1,0,17
4557,2,1,12
4559,1,0,12
4560,2,1,14
4561,2,1,12
4562,2,0,12
4563,1,0,12
4565,2,0,16
4566,1,1,12
4568,1,0,15
4569,1,0,12
4570,2,0,17
4571,2,1,13
4572,1,0,12
4574,1,1,13
4576,2,1,18
4577,1,1,12
4578,2,1,12
4580,2,0,12
4581,2,1,12
4582,2,0,13
4583,1,1,12
4585,2,0,10
4586,1,0,12
4589,2,1,12
4590,2,0,17
4593,2,1,13
4594,2,1,12
4595,1,0,14
4596,1,1,12
4597,1,1,12
4598,2,1,12
4600,2,1,12
4602,2,0,14
4604,2,0,12
4605,1,1,14
4607,1,0,17
4609,1,0,20
4612,1,0,12
4613,2,0,14
4614,2,1,12
4618,2,0,12
4620,1,0,10
4621,1,0,12
4623,1,0,12
4624,2,0,14
4625,2,0,15
4626,2,0,20
4627,2,0,14
4628,2,0,12
4629,1,0,13
4630,1,0,12
4631,2,0,16
4632,2,0,16
4633,1,0,13
4634,1,0,17
4635,1,0,16
4636,1,0,14
4637,2,0,12
4641,2,1,12
4642,1,0,13
4643,1,0,14
4646,1,0,12
4648,1,0,16
4650,2,0,16
4651,2,0,13
4652,1,0,16
4654,1,0,16
4655,2,0,14
4656,1,0,12
4661,1,0,14
4662,2,0,16
4665,2,0,14
4666,1,0,20
4668,1,0,16
4669,1,0,14
4670,2,1,12
4671,1,0,11
4673,1,0,12
4675,2,0,13
4676,1,0,12
4678,2,0,12
4680,1,0,12
4681,1,0,10
4682,2,0,16
4683,2,0,18
4684,2,0,13
4686,2,0,17
4688,1,0,16
4689,2,0,16
4690,2,0,12
4692,2,0,18
4694,2,0,15
4695,1,0,16
4698,1,0,16
4699,1,0,14
4700,2,0,16
4701,1,0,12
4702,1,0,14
4703,2,0,12
4705,2,0,16
4706,2,0,16
4707,1,0,12
4711,2,0,12
4712,1,1,12
4714,2,0,12
4715,1,0,16
4716,1,0,12
4717,2,0,14
4720,1,0,12
4722,1,0,12
4723,2,0,16
4724,2,0,12
4726,2,0,16
4730,2,0,11
4731,1,0,11
4732,1,0,12
4733,2,0,11
4735,2,1,12
4736,1,0,9
4737,1,0,16
4738,1,1,14
4742,2,0,16
4747,1,0,12
4748,2,0,12
4752,1,0,12
4753,2,0,16
4755,1,0,12
4756,1,0,18
4757,2,0,16
4759,1,0,12
4760,1,0,17
4761,2,0,12
4762,2,0,12
4763,2,0,15
4764,1,0,11
4765,1,0,12
4766,2,0,16
4767,1,0,17
4769,2,0,12
4771,1,0,12
4772,2,0,12
4773,1,0,7
4774,2,0,12
4775,1,0,12
4776,1,0,12
4778,2,0,12
4779,1,0,12
4780,2,0,12
4781,1,0,9
4782,2,0,10
4784,2,0,12
4785,2,0,12
4787,2,0,11
4788,1,0,12
4791,1,0,12
4793,1,0,16
4794,1,0,14
4795,2,0,16
4796,2,0,14
4798,2,0,16
4799,1,0,18
4801,2,0,14
4802,2,0,13
4803,2,0,13
4804,2,0,12
4805,1,0,15
4806,1,1,12
4808,1,0,12
4809,2,0,11
4810,2,0,13
4813,1,0,14
4814,1,0,12
4815,2,0,14
4816,1,0,18
4818,1,0,12
4819,2,0,12
4820,2,0,16
4821,2,0,16
4822,2,0,12
4823,1,1,12
4825,1,0,14
4826,2,0,17
4828,1,0,16
4829,1,0,16
4830,1,0,16
4831,1,0,18
4832,1,0,14
4833,2,0,17
4834,1,0,12
4835,1,0,13
4837,2,1,12
4838,2,1,9
4839,2,1,13
4840,1,0,15
4842,2,1,15
4843,1,0,16
4844,2,0,14
4846,1,0,12
4847,1,0,12
4848,2,0,17
4849,2,0,12
4852,2,0,12
4853,2,1,15
4854,1,0,14
4855,1,0,13
4856,1,0,14
4858,1,0,12
4860,1,0,12
4861,1,0,12
4862,1,0,13
4863,2,0,12
4864,2,0,12
4866,1,0,15
4867,2,0,12
4870,2,1,18
4871,2,0,16
4872,2,0,17
4873,2,0,16
4874,2,0,18
4876,2,1,12
4877,1,0,16
4878,2,0,18
4879,1,0,12
4880,2,0,14
4881,1,0,14
4883,1,0,13
4884,1,0,12
4886,2,0,18
4888,1,0,12
4889,1,0,14
4890,2,0,13
4892,1,0,16
4893,2,0,12
4894,1,0,16
4895,1,0,16
4896,1,0,16
4897,1,0,16
4898,1,0,12
4899,2,0,14
4902,1,0,12
4903,1,0,12
4904,1,0,12
4907,1,0,20
4910,2,0,16
4911,1,0,12
4913,1,0,12
4917,1,1,12
4918,1,1,9
4919,2,0,14
4920,2,0,14
4922,2,0,13
4923,1,0,10
4925,2,0,12
4926,1,0,12
4927,2,0,16
4929,2,0,12
4930,2,0,13
4931,2,0,14
4932,1,0,12
4933,2,0,15
4936,1,0,7
4937,1,0,8
4938,2,1,13
4939,1,0,16
4940,1,0,8
4942,1,0,12
4943,2,0,14
4944,1,0,16
4945,1,0,12
4946,1,0,8
4947,2,1,8
4948,2,0,12
4949,1,0,8
4950,2,1,9
4951,2,0,12
4952,2,0,12
4953,2,0,13
4954,2,0,18
4955,2,0,12
4956,2,0,16
4957,2,1,10
4958,2,0,12
4959,2,0,14
4960,1,0,10
4961,1,0,13
4962,2,0,13
4966,2,0,12
4967,2,0,13
4968,2,0,14
4969,1,0,12
4970,2,0,16
4971,2,0,13
4972,2,1,13
4973,2,0,15
4975,2,0,18
4976,2,0,15
4977,1,0,8
4978,2,1,12
4979,1,0,12
4981,2,0,14
4982,1,1,10
4983,1,0,12
4985,1,0,11
4987,2,0,15
4988,2,0,16
4991,2,0,15
4995,2,0,16
4996,1,0,16
4997,2,0,15
4998,1,0,20
4999,2,0,16
5000,1,0,20
5002,2,0,16
5003,2,0,19
5004,1,0,16
5005,1,0,16
5006,1,0,19
5007,1,0,12
5012,1,0,20
5013,1,0,14
5014,2,0,10
5015,2,0,12
5017,1,0,14
5019,2,1,16
5020,1,0,17
5021,1,0,17
5022,1,0,15
5024,1,0,12
5025,2,0,13
5026,2,0,15
5027,1,1,14
5028,2,0,17
5029,1,0,16
5031,1,0,14
5032,2,0,12
5033,1,0,12
5035,2,0,15
5037,2,0,14
5038,2,0,15
5039,1,0,18
5042,2,0,13
5043,2,0,13
5046,1,0,12
5048,1,0,14
5049,2,0,13
5051,1,0,12
5054,1,0,20
5055,2,0,14
5058,1,0,11
5059,2,1,14
5060,2,0,12
5062,2,0,13
5063,2,0,12
5064,2,0,9
5066,2,0,18
5067,1,0,16
5068,1,0,8
5069,2,0,7
5070,1,1,12
5073,1,0,15
5074,2,0,15
5075,1,0,11
5076,2,1,13
5077,2,0,10
5078,1,0,11
5079,1,0,12
5080,1,0,12
5082,1,1,12
5084,2,0,12
5085,2,0,12
5089,2,0,12
5090,2,0,12
5091,2,0,20
5094,1,1,13
5095,1,0,19
5096,2,1,18
5097,1,0,12
5098,2,1,14
5099,2,0,16
5100,2,0,15
5102,1,0,14
5103,2,0,12
5104,2,0,14
5105,2,0,12
5106,1,0,12
5107,2,0,19
5108,2,0,16
5109,1,0,12
5110,2,1,12
5113,2,0,12
5114,2,0,14
5119,2,0,14
5121,2,0,12
5122,1,0,12
5123,2,0,12
5124,2,0,16
5125,2,0,14
5127,2,0,14
5128,2,0,11
5129,1,0,16
5130,1,0,12
5131,2,0,12
5132,1,0,10
5134,2,0,15
5135,2,1,14
5139,1,0,12
5140,2,0,16
5141,1,0,12
5142,2,0,12
5143,2,0,17
5144,1,0,12
5145,1,1,12
5146,1,0,12
5147,1,0,12
5148,2,1,12
5149,1,0,13
5151,2,0,13
5152,2,1,12
5156,1,0,13
5157,2,0,14
5158,1,0,12
5159,2,1,12
5160,1,0,12
5161,1,0,12
5162,2,0,12
5166,1,0,16
5169,2,0,15
5170,1,0,20
5172,1,1,14
5174,1,0,13
5176,2,0,12
5178,1,0,13
5179,2,0,12
5180,2,0,12
5181,1,0,14
5182,1,0,10
5185,1,0,20
5186,1,0,12
5187,1,0,13
5188,2,0,16
5189,2,1,12
5191,2,0,14
5192,1,0,12
5194,1,0,12
5195,2,0,12
5197,1,0,17
5198,2,0,12
5199,2,0,15
5200,2,1,12
5203,1,0,13
5204,1,0,10
5206,1,0,13
5207,1,1,14
5209,2,0,11
5211,1,0,12
5212,2,1,17
5214,2,0,17
5216,2,1,11
5217,1,0,10
5218,1,0,12
5219,2,0,12
5220,1,0,14
5221,1,0,14
5222,1,0,16
5223,1,0,12
5224,2,0,12
5225,2,0,12
5226,1,0,16
5228,2,0,17
5229,1,0,14
5230,1,1,12
5231,2,0,12
5235,1,0,14
5236,2,0,12
5238,1,0,10
5239,2,1,12
5244,1,0,16
5246,2,0,15
5248,1,0,14
5250,1,0,16
5251,1,0,12
5252,1,1,12
5253,2,0,15
5254,1,0,13
5255,2,0,12
5256,2,0,13
5258,2,0,12
5259,2,0,13
5260,1,0,12
5261,2,0,12
5262,2,0,12
5263,1,0,14
5266,1,0,14
5267,1,0,13
5268,2,1,10
5269,1,0,11
5270,1,0,12
5271,2,0,12
5272,2,0,12
5274,1,0,13
5275,2,1,12
5276,2,0,12
5277,2,1,13
5278,1,0,12
5280,2,0,12
5281,1,0,9
5283,2,1,11
5284,1,0,12
5285,2,0,12
5286,2,0,12
5287,2,0,16
5288,2,0,12
5289,2,0,16
5290,2,0,12
5291,1,0,12
5292,2,0,13
5293,2,0,12
5295,2,0,17
5296,1,0,12
5297,1,0,12
5298,2,0,12
5299,2,0,16
5301,2,0,12
5304,1,0,16
5305,2,0,12
5306,1,0,12
5307,1,0,12
5308,2,0,13
5310,2,0,17
5311,2,0,12
5312,1,0,12
5313,1,0,12
5314,2,0,14
5315,2,0,14
5316,1,0,12
5317,2,1,12
5318,1,0,14
5320,1,0,9
5321,1,1,12
5324,1,1,9
5325,2,0,19
5326,2,0,16
5327,2,0,12
5328,2,0,12
5329,1,0,13
5330,2,0,14
5331,2,0,12
5332,2,0,15
5333,2,0,13
5334,1,0,16
5336,1,0,12
5337,1,0,12
5338,2,0,12
5339,2,0,12
5340,2,0,14
5341,2,0,16
5342,1,0,16
5344,1,0,16
5347,1,0,14
5348,1,0,16
5349,2,0,13
5350,1,0,14
5352,1,0,16
5353,2,0,12
5354,1,0,14
5356,1,0,12
5357,1,0,12
5361,1,0,15
5362,1,0,12
5363,1,0,10
5364,1,0,14
5365,1,0,15
5366,1,0,12
5368,1,0,16
5369,2,0,13
5370,2,0,12
5371,1,0,12
5372,2,0,16
5373,2,0,16
5374,2,0,16
5375,1,0,12
5376,2,0,12
5377,1,0,14
5378,2,1,13
5379,1,0,12
5381,2,0,16
5383,1,0,13
5385,2,0,12
5386,2,0,16
5387,2,0,16
5389,2,0,17
5390,1,0,14
5391,2,0,17
5392,1,0,14
5393,2,0,16
5394,1,0,18
5395,1,0,17
5397,2,0,15
5398,1,0,16
5399,1,0,12
5401,1,0,12
5402,1,0,12
5404,2,0,13
5405,1,0,12
5408,2,0,12
5409,2,0,12
5410,1,0,16
5412,1,0,14
5413,1,0,12
5414,1,0,13
5415,1,0,16
5416,1,0,16
5417,1,0,12
5418,1,0,16
5420,1,0,16
5421,2,0,12
5422,2,0,12
5424,2,0,12
5427,2,0,13
5428,2,0,14
5429,2,0,12
5430,1,0,16
5431,1,0,13
5435,1,0,12
5436,2,0,12
5437,1,0,16
5438,2,0,16
5439,1,0,16
5440,1,0,12
5441,1,1,14
5442,2,0,15
5443,1,0,12
5444,1,0,12
5446,1,1,9
5447,1,0,8
5448,2,1,7
5449,1,1,7
5451,1,0,12
5452,2,0,12
5453,2,0,13
5454,2,0,12
5456,1,0,12
5457,1,1,9
5458,2,0,14
5459,2,0,14
5461,1,0,8
5464,2,0,13
5465,2,1,12
5467,2,1,12
5468,1,0,8
5470,1,0,12
5473,2,0,12
5474,2,0,16
5475,1,0,12
5477,2,0,12
5479,2,0,12
5481,2,0,17
5482,2,0,12
5483,2,0,15
5484,1,0,12
5485,2,0,16
5486,2,1,12
5487,2,0,12
5488,2,0,11
5489,1,0,20
5491,1,0,12
5492,2,0,12
5493,1,0,12
5495,1,0,12
5496,1,0,11
5497,1,0,12
5498,2,0,9
5500,1,0,14
5501,1,0,13
5502,2,0,12
5504,1,0,16
5505,2,0,12
5506,2,0,12
5508,2,0,12
5509,2,0,12
5510,2,0,12
5511,2,0,14
5512,1,0,13
5513,1,0,16
5515,2,0,14
5516,1,0,12
5517,1,1,10
5518,2,0,13
5519,1,0,8
5520,1,0,9
5521,1,0,12
5522,2,0,12
5524,2,0,12
5525,1,0,8
5526,2,0,8
5527,1,1,9
5528,2,0,12
5529,1,0,10
5530,2,0,12
5531,1,0,12
5532,1,0,10
5534,1,0,12
5535,1,0,8
5536,2,0,12
5537,2,0,12
5538,1,1,12
5539,1,0,12
5540,1,0,14
5542,1,0,12
5543,1,0,17
5544,2,1,12
5545,1,0,12
5546,2,0,12
5547,2,1,12
5548,2,0,14
5550,2,0,12
5551,2,0,12
5553,2,0,12
5555,2,0,12
5556,1,0,9
5557,2,0,13
5558,1,0,12
5560,2,0,12
5561,2,1,12
5565,2,0,16
5566,2,0,12
5568,2,0,14
5569,1,0,12
5572,2,0,12
5573,1,0,12
5574,2,0,12
5575,2,0,12
5576,2,1,12
5577,2,0,12
5578,2,0,12
5579,1,0,12
5580,1,0,12
5581,2,0,12
5582,2,0,12
5583,2,0,12
5585,1,0,12
5586,1,0,12
5587,1,0,12
5588,1,0,9
5589,2,0,9
5590,1,0,16
5591,2,0,16
5592,1,1,19
5593,2,0,16
5594,1,0,17
5595,2,1,14
5596,2,0,18
5597,2,0,20
5599,1,0,16
5601,1,1,12
5603,1,0,9
5604,1,0,9
5605,2,1,10
5606,2,1,12
5609,2,0,12
5610,1,0,18
5611,1,0,13
5612,2,0,13
5613,1,1,12
5614,2,0,12
5618,1,0,16
5619,2,0,12
5621,1,0,15
5622,1,0,17
5623,1,0,20
5624,2,0,17
5625,1,0,12
5626,2,0,12
5627,2,0,14
5629,1,1,12
5630,1,1,12
5631,2,0,13
5632,2,0,16
5634,2,0,12
5635,1,0,12
5637,1,0,12
5638,1,0,12
5639,1,0,14
5641,2,1,13
5644,1,1,6
5646,2,0,12
5647,2,0,12
5648,2,0,13
5649,1,0,13
5650,1,0,12
5651,1,0,18
5652,2,0,12
5655,1,0,17
5656,2,0,14
5657,2,0,16
5658,1,0,14
5660,1,0,12
5661,2,0,15
5666,1,0,16
5668,1,0,12
5669,2,0,12
5671,1,0,12
5673,2,0,14
5674,2,1,13
5675,2,0,16
5676,2,0,17
5677,1,0,12
5678,1,0,13
5679,1,0,13
5681,2,1,12
5682,2,1,7
5684,2,0,12
5686,2,0,12
5687,2,0,12
5689,2,1,12
5690,2,0,19
5692,1,0,12
5694,1,0,12
5695,2,0,17
5696,1,0,12
5697,1,0,12
5698,1,0,13
5699,1,0,13
5700,1,0,12
5701,2,0,17
5702,2,0,13
5703,1,0,14
5705,2,0,12
5706,2,0,14
5707,2,0,12
5709,2,1,13
5711,1,0,12
5712,2,0,12
5713,2,0,11
5714,1,0,12
5715,2,0,12
5718,2,0,12
5719,1,0,12
5720,2,0,13
5723,1,0,15
5724,2,0,11
5725,2,1,15
5726,1,0,13
5727,1,0,14
5728,2,0,16
5730,2,0,14
5731,1,0,12
5732,2,0,12
5733,1,0,13
5735,1,0,12
5736,2,1,14
5738,1,1,8
5740,2,1,10
5741,2,0,13
5743,2,0,13
5747,1,0,12
5748,1,0,14
5749,1,1,9
5750,1,0,12
5752,1,0,9
5753,2,0,12
5755,1,0,12
5756,2,1,14
5757,1,0,12
5758,2,0,15
5759,1,0,16
5762,2,0,15
5763,2,0,15
5766,2,1,14
5767,2,0,12
5770,2,0,14
5773,2,1,10
5774,2,0,12
5776,1,0,12
5781,2,0,12
5782,2,1,12
5783,1,0,13
5784,1,0,16
5787,2,0,18
5790,2,1,12
5791,1,1,12
5792,1,1,12
5793,2,0,14
5797,2,0,15
5799,2,0,12
5801,2,0,12
5802,2,0,15
5803,2,0,12
5805,2,0,12
5806,2,0,9
5808,1,0,12
5810,1,0,15
5811,2,0,14
5813,2,0,6
5815,1,0,14
5818,2,0,10
5819,2,1,6
5820,2,0,15
5821,2,0,14
5823,1,0,12
5826,2,0,14
5827,2,0,14
5828,2,0,12
5829,2,0,18
5831,1,0,12
5834,2,0,14
5839,2,0,12
5842,1,0,12
5843,1,0,13
5844,2,0,12
5845,1,0,13
5846,1,1,13
5847,1,0,12
5848,1,0,12
5849,2,0,12
5853,2,0,14
5855,2,0,9
5856,2,0,16
5860,1,0,12
5861,2,0,14
5862,2,1,12
5864,1,0,12
5865,1,0,12
5868,2,0,8
5870,2,0,12
5872,1,0,12
5873,2,0,13
5876,1,0,13
5879,1,0,12
5882,1,0,12
5884,1,0,12
5885,1,0,12
5887,2,0,12
5893,1,0,14
5896,2,0,14
5898,1,0,15
5899,2,0,13
5900,2,0,16
5903,1,1,12
5905,1,0,4
5906,2,0,10
5909,2,0,14
5910,1,1,12
5912,1,0,12
5913,2,0,11
5914,2,0,12
5916,2,1,14
5918,1,1,12
5919,2,0,13
5923,2,0,12
5924,1,0,12
5927,2,1,10
5928,1,1,13
5929,1,0,12
5931,1,0,12
5932,2,1,13
5933,1,0,12
5934,2,0,12
5935,1,0,12
5936,2,0,12
5941,2,0,13
5942,1,0,8
5943,1,0,9
5946,1,0,12
5949,1,0,12
5951,2,1,10
5953,2,0,12
5955,2,0,12
5957,2,1,12
5960,1,0,12
5961,1,1,11
5963,2,1,12
5965,2,1,12
5967,2,1,15
5969,2,0,14
5971,1,0,20
5973,2,1,14
5978,2,0,13
5983,2,0,18
5987,1,0,13
5990,1,1,7
5993,1,1,12
5996,1,0,9
5998,2,0,16
5999,2,0,11
6000,1,1,11
6002,2,0,12
6003,2,0,14
6008,1,0,12
6011,2,0,13
6012,1,1,13
6015,2,0,15
6016,1,1,12
6017,2,0,16
6019,2,0,13
6020,1,0,12
6021,1,0,10
6022,2,0,12
6023,2,0,13
6025,1,0,11
6026,1,0,13
6029,1,0,12
6030,2,0,12
6032,1,0,13
6033,2,0,10
6034,1,0,10
6036,2,0,16
6038,1,0,14
6039,2,0,13
6042,2,0,18
6043,2,0,18
6045,1,1,9
6047,2,0,12
6048,2,0,13
6053,2,0,14
6054,1,0,14
6056,1,1,12
6062,1,0,14
6063,2,0,13
6066,2,1,12
6067,1,0,16
6068,2,0,18
6069,2,1,10
6070,1,0,13
6071,2,0,17
6075,1,0,12
6076,2,1,15
6077,1,0,12
6078,2,1,13
6079,1,0,12
6080,2,0,12
6084,2,1,10
6085,1,1,12
6086,1,1,12
6089,1,1,12
6094,1,0,14
6102,2,0,12
6103,1,0,15
6104,1,0,12
6107,2,0,12
6108,2,0,14
6109,1,0,16
6110,1,0,16
6112,1,1,12
6114,2,0,15
6115,2,0,15
6117,2,0,12
6118,2,0,12
6119,2,1,11
6120,2,0,12
6121,1,1,11
6122,1,0,16
6124,1,0,12
6125,1,0,18
6126,2,0,14
6128,1,0,12
6129,2,0,12
6130,2,0,14
6133,1,0,10
6134,2,0,12
6136,1,1,12
6137,1,0,9
6140,1,0,12
6141,1,0,12
6142,1,0,12
6143,1,1,9
6145,1,0,8
6150,2,0,12
6151,2,1,12
6152,2,0,14
6153,1,0,12
6154,2,0,10
6155,1,0,10
6156,1,0,12
6158,2,0,12
6159,2,0,15
6160,2,0,12
6161,2,1,12
6162,1,0,13
6163,2,0,14
6164,2,0,12
6165,1,0,14
6166,1,0,12
6168,2,1,12
6170,1,0,12
6172,2,0,19
6173,1,0,12
6174,2,0,12
6176,1,0,20
6179,2,0,12
6180,1,0,12
6181,2,0,12
6185,2,0,15
6186,1,0,13
6187,1,1,13
6193,1,1,12
6194,2,0,16
6195,2,0,14
6198,1,0,14
6200,1,0,14
6202,2,1,14
6207,1,0,16
6209,2,1,13
6210,2,1,15
6213,1,0,13
6215,2,0,14
6216,1,0,14
6222,1,0,12
6223,2,1,12
6224,1,0,12
6225,2,0,12
6226,1,1,13
6230,1,1,8
6231,2,1,12
6233,2,0,16
6234,2,1,12
6235,2,1,13
6237,2,0,16
6238,2,0,16
6239,2,1,12
6240,2,0,14
6241,1,0,16
6242,1,0,16
6244,2,0,15
6246,2,0,12
6247,1,0,16
6252,1,0,12
6253,1,0,13
6255,2,0,19
6257,2,1,9
6259,2,1,12
6261,1,0,20
6262,2,0,17
6263,2,0,15
6265,2,0,18
6266,1,0,14
6267,2,0,16
6270,2,0,15
6272,1,0,14
6273,2,1,12
6274,2,1,13
6276,2,0,15
6277,2,0,15
6278,2,0,16
6279,1,0,12
6280,2,1,11
6282,2,0,12
6283,2,0,13
6285,1,0,13
6287,1,0,15
6290,2,0,12
6291,2,0,13
6292,1,1,10
6293,2,1,14
6294,2,0,12
6295,2,0,15
6296,2,0,13
6297,2,1,8
6298,1,0,12
6299,2,0,16
6301,1,0,17
6302,2,0,12
6303,1,0,16
6304,1,0,12
6306,2,1,6
6308,2,0,12
6309,1,1,10
6310,2,0,13
6311,2,0,14
6312,2,0,12
6315,2,1,12
6316,1,0,12
6317,1,0,12
6318,2,0,14
6321,2,0,17
6322,2,0,12
6323,1,0,14
6324,2,0,18
6326,1,0,11
6327,2,1,9
6334,2,0,16
6335,2,0,16
6336,2,0,13
6337,2,0,15
6339,2,0,12
6340,1,0,15
6342,2,0,12
6343,2,1,12
6344,2,1,12
6345,2,1,12
6346,1,0,14
6347,1,0,15
6353,2,0,13
6356,2,1,11
6357,2,0,15
6358,2,0,12
6359,1,0,9
6361,1,0,12
6363,2,0,12
6364,2,1,12
6365,2,1,12
6367,2,0,16
6369,2,0,14
6370,2,0,12
6371,2,1,10
6372,2,0,12
6374,2,0,12
6376,2,1,12
6377,2,0,14
6379,2,0,16
6380,2,0,12
6381,2,1,12
6382,2,1,10
6383,2,0,9
6384,2,1,12
6386,1,1,12
6392,1,1,9
6393,2,1,12
6395,1,0,9
6396,2,0,12
6397,2,1,12
6402,1,0,16
6404,2,0,12
6405,2,1,12
6406,1,0,13
6408,2,0,12
6410,2,1,7
6411,1,0,17
6412,2,1,12
6413,2,1,12
6414,2,0,12
6416,2,1,12
6419,1,1,12
6421,1,0,12
6426,2,0,12
6429,2,0,12
6430,1,0,11
6431,1,0,12
6432,1,1,11
6433,1,0,12
6434,2,0,12
6435,1,0,12
6440,1,0,12
6441,1,0,12
6442,2,0,15
6444,2,0,11
6445,2,1,8
6448,2,1,10
6449,2,0,11
6450,2,1,12
6452,1,1,12
6455,2,0,17
6457,2,1,13
6459,2,0,16
6461,2,1,12
6462,1,0,12
6466,1,0,12
6467,1,0,12
6468,1,0,12
6469,1,0,16
6470,2,0,16
6471,1,0,12
6472,2,1,13
6473,1,0,15
6474,2,1,10
6475,2,0,14
6478,1,0,10
6479,1,0,13
6480,1,0,9
6481,2,0,16
6482,2,0,10
6484,1,1,12
6485,2,0,16
6488,1,0,12
6489,2,0,14
6490,1,1,12
6491,1,0,15
6496,1,1,12
6497,1,0,16
6498,1,0,12
6499,1,0,12
6500,1,0,12
6505,2,0,12
6508,1,0,8
6510,2,0,12
6511,1,0,12
6515,2,0,15
6516,2,1,12
6518,1,0,18
6574,1,0,12
6576,1,0,12
6594,1,1,12
6595,1,0,14
6598,1,1,12
6602,2,1,11
6603,1,0,14
6605,2,0,14
6606,2,1,13
6643,2,0,16
6645,2,0,15
6647,2,0,14
6648,1,0,12
6649,1,0,14
6650,1,0,12
6651,2,1,12
6652,2,0,13
6655,2,1,13
6659,2,0,14
6662,2,0,12
6663,2,0,18
6666,2,1,12
6668,2,0,13
6670,1,0,12
6673,1,0,17
6674,2,0,16
6676,2,0,16
6677,1,0,12
6678,1,1,11
6679,1,1,12
6681,1,0,12
6682,1,1,9
6684,2,1,11
6693,2,0,16
6694,2,1,15
6698,1,1,16
6704,2,0,7
6705,1,0,13
6706,1,0,14
6709,2,0,12
6710,1,0,12
6711,2,0,12
6712,2,0,14
6715,2,1,12
6716,1,1,12
6719,1,1,8
6720,2,1,13
6725,2,1,12
6727,2,0,17
6729,1,0,12
6730,2,0,14
6732,1,0,15
6733,1,0,12
6735,1,0,16
6736,1,0,18
6737,2,0,16
6738,2,0,12
6739,1,0,9
6740,2,1,12
6741,2,0,12
6742,2,1,12
6744,2,1,12
6745,2,0,12
6748,1,0,12
6751,1,0,17
6754,2,0,14
6755,2,0,12
6756,2,1,14
6759,1,0,12
6761,2,1,12
6763,2,0,14
6768,1,0,14
6769,1,0,15
6770,1,0,12
6771,1,1,12
6772,2,1,8
6773,2,1,12
6774,2,1,14
6776,1,0,19
6780,2,1,9
6781,1,0,12
6784,1,0,13
6786,1,1,9
6789,1,0,12
6792,1,0,12
6795,1,0,14
6796,1,0,12
6799,1,0,12
6800,1,0,13
6801,1,0,14
6803,1,0,13
6804,2,1,3
6805,1,0,13
6807,2,0,12
6808,1,0,12
6811,1,0,14
6815,1,0,15
6816,2,0,16
6817,2,0,17
6823,2,0,12
6824,1,0,12
6825,2,0,12
6828,2,0,12
6837,1,0,13
6838,1,0,12
6839,2,0,16
6840,1,0,12
6843,1,0,18
6845,2,0,12
6847,2,1,10
6848,2,0,20
6849,1,0,14
6851,1,0,12
6852,2,0,15
6853,1,0,18
6854,2,0,13
6855,2,0,16
6858,2,0,11
6859,1,0,13
6860,1,0,12
6861,1,0,12
6865,1,1,11
6867,1,0,12
6868,1,0,9
6869,2,0,16
6872,1,0,14
6873,1,0,12
6876,2,0,17
6879,2,0,16
6881,2,0,12
6885,2,0,12
6886,1,0,14
6887,2,0,14
6888,1,0,10
6890,2,0,12
6891,2,0,12
6892,1,0,12
6894,1,0,12
6895,2,0,14
6897,1,0,12
6899,1,0,9
6902,1,0,12
6908,1,0,13
6909,1,0,12
6910,1,0,12
6911,1,1,12
6912,1,0,16
6914,1,0,16
6915,2,0,14
6930,2,0,14
6938,1,0,12
6942,1,0,13
6947,1,1,12
6950,2,0,12
6951,2,0,18
6953,2,0,13
6957,2,0,12
6958,1,0,13
6959,1,0,15
6960,1,0,12
6961,1,1,12
6962,2,1,9
6967,2,1,11
6968,2,0,14
6969,1,0,12
6970,2,0,12
6971,2,0,15
6989,2,1,14
6991,1,0,12
6992,2,0,14
6993,1,1,12
6995,2,0,9
6996,1,0,18
6997,2,1,12
6998,1,0,16
7004,1,0,12
7005,2,0,12
7008,1,1,12
7009,1,0,12
7018,1,0,9
7025,1,0,12
7047,1,0,0
7048,2,0,16
7049,2,0,12
7050,2,0,12
7066,2,1,12
7067,2,1,12
7069,1,1,14
7070,1,0,13
7071,1,1,15
7072,1,0,12
7073,2,0,12
7074,2,0,16
7076,1,0,16
7077,2,0,12
7081,2,0,13
7082,1,0,14
7083,1,0,13
7084,2,0,18
7085,2,1,13
7087,1,0,12
7089,2,1,13
7092,2,1,17
7093,1,0,14
7095,2,1,12
7096,2,0,12
7097,2,0,14
7099,1,0,18
7101,1,0,13
7102,2,0,16
7104,1,0,16
7106,2,0,16
7107,2,0,16
7113,1,1,9
7115,2,0,13
7116,2,0,16
7119,1,0,20
7120,2,0,14
7121,1,1,16
7123,2,0,13
7124,2,0,12
7125,1,0,12
7126,2,0,12
7127,2,1,12
7129,1,0,12
7130,2,1,12
7131,1,0,13
7132,1,1,1
7135,1,1,11
7136,1,1,12
7137,2,0,14
7138,2,0,12
7139,2,1,10
7140,1,0,12
7141,1,1,12
7143,1,0,16
7145,1,0,12
7148,2,0,15
7149,1,0,12
7150,1,0,16
7151,1,0,12
7152,2,0,13
7153,2,0,13
7154,1,0,12
7155,1,0,12
7156,2,0,12
7158,2,1,10
7160,2,1,14
7161,1,1,12
7163,2,0,13
7164,1,1,12
7166,2,0,20
7170,2,1,12
7173,1,1,14
7174,2,0,12
7175,2,0,12
7176,1,1,12
7177,2,0,12
7178,2,1,12
7179,2,1,12
7181,2,0,12
7183,2,1,12
7184,2,1,12
7185,1,0,15
7186,2,1,12
7188,1,0,12
7189,2,1,12
7192,2,0,13
7196,1,0,12
7198,2,0,13
7201,2,0,20
7209,2,1,3
7210,1,0,8
7212,2,0,16
7215,2,0,14
7216,2,0,12
7217,2,1,10
7218,1,0,12
7219,1,0,10
7220,2,1,12
7221,1,0,14
7222,1,0,12
7224,2,0,12
7225,1,0,13
7226,2,0,11
7228,2,0,11
7231,2,0,13
7232,2,0,12
7236,2,0,12
7240,1,0,17
7241,2,0,13
7244,2,1,9
7245,2,0,16
7247,2,0,12
7248,1,0,14
7249,2,0,8
7252,2,1,12
7256,2,1,12
7257,1,0,12
7258,2,1,12
7259,2,1,10
7261,1,1,13
7263,2,1,11
7265,1,0,13
7266,1,0,18
7267,1,0,12
7268,1,0,14
7269,1,0,12
7271,2,0,20
7273,1,0,15
7274,2,0,19
7275,2,0,12
7276,2,1,14
7277,1,0,12
7278,2,0,12
7279,1,0,12
7280,1,0,12
7283,2,1,12
7285,2,0,16
7286,2,0,18
7293,2,0,16
7294,1,1,12
7296,2,0,17
7297,1,0,15
7298,1,0,15
7300,2,0,12
7301,1,0,12
7302,2,1,14
7305,2,0,16
7313,1,0,9
7314,2,1,12
7315,1,0,10
7317,2,0,13
7318,1,0,12
7319,1,1,12
7320,1,0,12
7322,2,0,14
7324,2,1,12
7325,2,1,14
7326,1,0,12
7336,1,1,14
7337,2,0,14
7340,1,0,19
7360,2,0,19
7361,2,0,15
7368,2,0,16
7369,1,0,17
7370,1,0,20
7372,1,0,16
7373,1,1,10
7377,2,0,12
7378,2,0,14
7379,1,0,12
7381,1,1,12
7382,2,0,12
7386,1,0,15
7387,1,0,12
7389,2,1,14
7390,2,1,12
7391,2,0,12
7392,2,0,12
7393,2,0,16
7394,2,0,13
7395,2,0,16
7397,2,0,15
7399,1,0,16
7400,1,0,12
7403,2,0,12
7404,1,1,12
7405,2,1,12
7410,2,0,13
7411,1,0,12
7413,1,0,20
7417,1,0,13
7422,2,0,14
7423,2,0,16
7424,1,0,14
7426,2,0,16
7427,1,0,20
7428,2,0,12
7430,2,0,12
7432,2,0,12
7433,2,1,13
7435,2,0,16
7436,2,0,14
7437,2,0,16
7438,2,1,12
7439,2,0,12
7443,2,1,15
7444,1,1,12
7445,2,1,12
7446,2,1,12
7448,2,1,12
7454,1,0,17
7456,1,1,8
7457,1,0,8
7459,2,1,9
7461,1,1,8
7463,1,0,12
7464,2,0,12
7466,1,0,12
7469,1,0,12
7470,2,0,14
7471,1,0,13
7472,1,0,13
7473,1,0,12
7476,2,0,14
7479,2,0,12
7480,2,0,13
7482,1,0,12
7483,1,0,12
7485,2,0,12
7486,1,0,12
7487,1,0,12
7488,1,0,16
7489,2,0,15
7490,2,0,15
7491,1,0,16
7492,2,0,12
7496,2,1,12
7497,2,1,14
7498,2,0,16
7499,1,1,10
7500,2,0,12
7501,2,0,12
7502,1,1,12
7504,2,0,12
7507,1,1,12
7508,2,0,15
7509,1,0,11
7510,2,1,12
7511,1,1,12
7514,2,0,14
7515,2,0,14
7517,1,1,11
7518,2,1,11
7520,2,0,10
7521,1,1,12
7522,1,0,12
7523,1,0,13
7524,2,1,12
7525,2,0,12
7526,1,0,13
7527,2,0,20
7531,2,0,13
7533,2,1,12
7534,1,0,9
7539,1,0,12
7540,1,0,12
7542,2,0,15
7544,1,0,20
7547,1,1,12
7548,2,0,10
7551,2,1,12
7552,1,0,16
7554,1,0,15
7555,1,0,13
7556,1,0,12
7560,2,1,14
7563,1,0,16
7564,1,0,20
7565,2,1,13
7567,1,0,12
7568,1,0,16
7569,1,0,15
7571,2,0,18
7572,1,0,12
7575,2,0,15
7576,1,0,16
7577,2,0,17
7582,1,1,12
7583,2,1,12
7585,2,0,10
7586,2,0,14
7587,2,0,13
7589,1,1,10
7592,1,0,13
7594,1,0,14
7595,2,0,12
7598,2,0,15
7599,1,0,12
7600,2,0,15
7601,2,0,16
7602,1,0,16
7603,2,0,18
7606,2,0,14
7613,1,1,12
7615,2,0,13
7620,1,0,14
7621,1,0,13
7623,2,1,12
7625,2,1,14
7626,2,1,15
7628,1,0,16
7629,1,0,12
7630,2,0,15
7633,1,0,15
7634,1,1,13
7635,1,0,15
7636,2,0,12
7639,1,1,12
7640,1,0,12
7641,1,0,12
7644,1,0,12
7645,2,1,11
7647,1,1,12
7649,2,0,13
7650,1,0,16
7652,2,0,14
7656,1,0,12
7657,2,0,13
7661,1,0,12
7663,2,0,14
7664,1,0,13
7666,1,0,13
7668,1,0,18
7669,2,0,13
7670,2,1,12
7675,1,0,12
7676,1,0,16
7679,2,0,13
7680,1,0,12
7682,2,1,12
7685,2,1,12
7686,1,0,15
7687,2,0,16
7689,2,0,14
7690,1,0,16
7691,2,0,16
7694,2,0,13
7695,2,0,15
7696,1,0,12
7697,1,0,13
7699,1,0,12
7701,1,0,12
7703,1,0,17
7704,2,0,12
7709,1,0,15
7710,2,0,12
7711,1,0,12
7712,1,1,12
7713,2,1,12
7716,1,0,15
7717,1,0,14
7720,1,0,18
7721,1,0,17
7733,1,0,12
7748,1,0,14
7750,2,0,14
7753,1,0,16
7754,2,0,17
7760,2,0,18
7773,2,0,16
7787,1,0,13
7789,2,0,12
7790,1,0,12
7791,2,0,12
7792,1,0,12
7793,1,1,12
7794,2,1,14
7795,2,0,12
7797,2,0,12
7800,1,0,16
7801,1,0,13
7803,1,1,7
7804,2,0,12
7806,2,0,12
7808,1,1,13
7809,2,0,12
7810,2,1,12
7812,1,1,12
7814,2,0,13
7815,2,1,12
7817,1,0,12
7819,2,1,12
7820,2,0,12
7822,2,0,14
7824,1,0,12
7825,2,0,13
7826,2,0,12
7828,2,0,12
7830,2,0,12
7831,2,0,12
7833,2,0,14
7834,1,1,12
7835,2,1,13
7836,2,1,12
7837,1,1,9
7842,2,1,12
7845,1,0,13
7846,2,0,14
7850,2,0,13
7851,2,0,12
7852,1,0,14
7854,1,0,16
7856,2,1,12
7857,1,0,14
7858,1,0,12
7859,1,0,12
7860,1,1,12
7861,1,0,12
7865,2,1,6
7866,1,1,10
7867,1,0,12
7868,1,0,10
7869,2,0,11
7871,1,0,12
7872,1,0,12
7873,1,0,12
7882,2,0,10
7883,2,0,12
7884,1,0,12
7886,2,1,12
7891,2,0,14
7899,1,0,10
7900,2,0,12
7903,1,0,18
7907,1,0,10
7908,1,0,15
7909,1,0,16
7910,2,1,14
7913,1,1,12
7923,1,0,14
7925,1,0,13
7926,1,1,12
7929,1,0,12
7930,2,0,13
7931,2,0,12
7933,2,0,14
7934,1,0,12
7936,2,0,13
7937,1,1,11
7938,2,1,12
7940,1,0,14
7943,2,0,12
7946,1,0,12
7947,1,1,12
7948,1,1,11
7950,2,0,12
7951,2,1,12
7954,1,0,12
7956,1,0,12
7958,2,0,13
7959,2,0,12
7964,1,0,13
7965,1,0,12
7966,1,0,12
7967,2,0,12
7968,2,0,12
7970,1,0,12
7971,2,0,11
7972,1,1,11
7973,2,0,14
7974,2,0,12
7977,1,0,9
7978,1,0,6
7979,2,0,17
7980,2,0,20
7981,2,0,14
7982,1,0,14
7983,2,0,12
7984,1,0,11
7985,2,0,12
7986,1,1,10
7987,1,0,17
7988,2,0,15
7991,1,0,12
7992,1,0,11
7997,2,0,12
8001,2,0,13
8004,1,0,12
8006,2,0,12
8007,2,0,17
8009,1,1,12
8010,2,1,12
8013,2,0,14
8020,2,0,15
8022,1,0,12
8023,2,0,12
8025,2,0,14
8027,1,0,12
8028,2,0,15
8031,2,0,13
8033,2,0,16
8034,2,0,16
8035,2,0,16
8036,2,0,12
8038,1,0,16
8039,2,1,12
8043,1,0,12
8044,2,0,14
8045,2,0,10
8046,1,0,16
8047,2,0,13
8048,2,1,12
8049,2,0,13
8052,1,0,14
8057,2,1,13
8061,2,1,11
8063,1,0,9
8064,1,0,12
8069,1,0,14
8078,2,0,17
8083,2,0,14
8087,1,0,14
8091,2,0,4
8094,1,0,13
8096,1,0,12
8098,1,0,15
8100,1,0,6
8102,2,0,6
8106,1,0,8
8108,1,1,15
8110,2,0,14
8111,2,0,20
8113,2,0,13
8114,2,0,10
8116,1,1,8
8117,2,0,12
8120,2,0,19
8123,2,0,20
8125,2,0,12
8126,2,0,12
8127,2,0,12
8129,2,0,13
8133,2,1,13
8136,1,0,16
8138,1,0,17
8140,2,0,12
8141,2,0,12
8142,1,0,14
8143,2,0,11
8145,1,0,11
8146,1,0,12
8148,2,0,12
8150,2,0,20
8151,2,0,16
8152,2,0,16
8153,2,0,14
8154,1,0,12
8155,1,0,16
8156,1,0,16
8160,2,0,12
8162,1,0,12
8165,1,0,12
8168,1,0,12
8169,2,0,16
8170,2,0,12
8173,1,0,12
8174,2,0,12
8175,2,0,12
8177,1,0,7
8178,2,1,11
8181,2,0,12
8182,1,1,11
8183,1,1,12
8184,2,1,12
8186,1,1,11
8188,1,1,12
8191,1,0,13
8192,2,0,15
8193,2,0,12
8194,2,0,12
8197,1,0,11
8203,1,0,14
8206,1,0,12
8207,1,0,9
8208,2,0,12
8209,1,0,12
8210,2,1,11
8211,1,1,9
8212,2,0,16
8213,2,1,11
8214,1,0,13
8217,2,0,19
8218,2,0,13
8219,1,0,16
8225,1,0,17
8226,2,0,16
8227,2,0,15
8228,1,0,12
8229,1,0,11
8232,1,1,3
8233,1,0,12
8235,2,0,14
8236,1,0,20
8237,2,0,18
8238,1,0,14
8239,1,0,13
8243,2,0,12
8244,1,0,12
8245,1,1,12
8247,1,0,12
8250,1,1,12
8251,2,1,15
8252,1,1,14
8253,1,1,12
8254,2,1,12
8256,1,0,17
8257,2,0,16
8259,2,1,6
8261,2,1,10
8262,2,0,18
8263,1,0,18
8265,2,0,12
8266,2,0,14
8267,1,1,12
8268,1,0,14
8269,2,1,12
8270,1,0,14
8271,2,0,13
8272,1,0,12
8273,2,0,12
8274,1,0,12
8275,1,0,12
8279,2,0,14
8282,1,0,12
8286,2,0,12
8289,2,1,12
8290,1,0,12
8292,1,0,10
8294,2,0,13
8295,1,0,12
8296,2,1,10
8297,1,1,11
8298,2,0,3
8299,2,0,17
8300,1,0,16
8301,1,0,13
8302,1,0,16
8303,2,0,15
8305,2,1,6
8307,1,0,8
8314,1,0,12
8315,2,0,12
8316,1,0,15
8317,2,0,12
8320,1,0,12
8322,1,1,10
8327,1,0,12
8328,1,0,12
8329,2,1,12
8330,2,1,12
8331,1,0,9
8333,1,1,12
8334,2,0,12
8336,2,0,14
8337,2,0,12
8340,2,0,12
8341,1,1,13
8342,1,0,14
8343,2,0,13
8345,2,0,12
8348,1,0,12
8349,2,0,12
8352,2,0,14
8354,2,0,12
8355,1,0,12
8356,1,0,12
8357,2,0,12
8358,1,0,9
8359,2,0,8
8360,1,0,12
8361,1,0,14
8364,1,0,11
8368,1,0,13
8374,2,1,13
8375,2,1,12
8378,1,1,11
8379,1,0,16
8381,1,0,12
8382,1,0,14
8383,2,0,12
8384,1,0,12
8385,2,0,10
8388,1,0,8
8389,2,0,13
8390,1,0,14
8391,2,0,12
8392,1,0,15
8393,2,0,12
8395,2,0,16
8396,1,0,13
8399,2,0,18
8401,2,0,8
8402,1,0,15
8406,1,0,8
8407,2,0,12
8408,2,0,13
8409,1,0,16
8411,1,1,12
8412,1,0,12
8413,2,0,12
8414,2,0,18
8416,2,0,16
8420,1,0,12
8421,1,0,13
8422,2,0,14
8423,1,0,12
8428,2,0,18
8430,2,0,18
8431,2,0,16
8432,2,0,13
8433,1,0,12
8434,2,0,14
8440,1,0,12
8463,2,0,16
8468,1,0,12
8469,1,0,16
8473,2,0,9
8474,2,0,14
8477,2,0,12
8478,1,0,12
8480,2,0,12
8481,1,0,12
8482,2,0,16
8483,2,0,13
8484,2,0,16
8485,1,0,12
8488,2,0,17
8489,2,0,14
8492,2,0,14
8493,2,0,12
8495,1,0,12
8497,1,1,12
8498,1,0,13
8499,1,1,12
8500,2,0,12
8501,1,0,10
8502,2,0,9
8503,2,1,12
8504,1,0,12
8506,1,0,12
8507,1,1,8
8509,1,0,12
8510,2,1,12
8513,2,0,14
8514,2,0,14
8532,2,0,12
8536,1,0,12
8538,1,1,11
8539,2,0,12
8540,2,0,12
8549,2,0,12
8552,1,0,12
8553,2,0,14
8557,2,1,12
8558,2,0,12
8559,1,0,12
8560,1,0,12
8568,2,0,12
8570,2,0,12
8576,1,0,11
8578,2,0,9
8580,2,0,12
8582,1,0,13
8583,2,0,13
8586,1,0,12
8587,1,0,12
8588,1,0,13
8600,2,0,10
8601,2,0,12
8602,1,0,12
8603,2,0,12
8604,1,0,12
8608,2,0,12
8609,1,0,12
8612,2,0,12
8613,2,0,12
8615,2,0,12
8616,1,0,16
8618,2,0,12
8621,1,0,12
8622,2,1,16
8624,1,0,15
8625,1,0,17
8626,1,0,12
8627,1,0,12
8628,1,0,12
8629,1,0,12
8630,1,0,12
8631,2,0,12
8633,1,1,13
8634,2,1,12
8639,2,0,13
8640,1,0,16
8641,2,0,12
8642,2,0,12
8643,2,0,12
8647,1,0,12
8648,2,0,15
8649,2,1,12
8650,1,1,12
8652,2,0,12
8653,1,0,13
8655,1,1,12
8657,1,0,10
8658,2,0,12
8660,2,0,14
8661,1,0,12
8662,2,1,11
8663,1,1,12
8664,2,0,14
8665,2,0,12
8666,1,0,12
8667,1,0,12
8672,1,1,11
8673,2,0,14
8675,2,0,16
8676,1,0,12
8678,1,0,12
8679,2,0,12
8681,1,0,14
8684,2,0,12
8689,1,0,12
8690,2,0,12
8691,1,1,11
8693,2,0,12
8694,2,0,16
8695,2,1,13
8696,2,0,14
8697,2,0,18
8698,1,0,16
8704,1,0,14
8705,2,1,9
8706,2,0,12
8708,2,0,9
8710,1,1,8
8714,2,0,12
8722,1,0,12
8725,1,1,12
8726,1,0,12
8727,1,0,12
8740,1,0,13
8741,1,0,18
8749,1,0,9
8787,2,1,11
8789,2,0,12
8790,1,0,12
8793,1,0,13
8794,2,0,12
8811,2,0,12
8812,2,1,10
8813,1,0,12
8814,1,1,9
8815,2,0,12
8818,2,0,14
8852,1,0,12
8853,2,0,14
8854,2,0,12
8856,1,0,12
8857,1,0,9
8858,2,0,14
8859,1,0,13
8860,1,0,14
8861,2,0,17
8862,1,0,16
8863,1,0,14
8864,2,1,14
8866,1,0,12
8867,2,1,12
8868,1,0,10
8871,1,0,12
8872,1,0,12
8877,1,0,12
8878,2,0,15
8879,1,0,12
8880,1,0,14
8881,1,0,12
8882,1,0,12
8884,1,0,15
8886,1,0,12
8887,1,1,12
8888,2,0,10
8889,2,1,12
8890,2,0,12
8892,1,1,10
8894,1,1,16
8896,2,0,16
8897,1,0,13
8900,2,0,13
8901,1,1,12
8903,1,0,12
8904,2,0,20
8905,2,0,16
8907,1,0,12
8908,1,0,12
8911,1,1,12
8912,2,0,13
8913,2,0,13
8914,1,0,12
8915,1,1,14
8916,2,1,12
8917,1,0,12
8918,2,0,14
8919,2,0,20
8923,1,0,12
8924,1,0,11
8925,2,0,12
8927,2,0,13
8929,1,0,12
8930,1,0,13
8931,2,0,16
8932,2,0,12
8934,2,0,12
8935,1,0,13
8936,1,0,12
8937,1,1,14
8939,2,0,15
8940,2,0,15
8941,1,0,16
8942,2,0,13
8943,1,0,13
8944,2,0,12
8946,2,1,14
8947,1,0,12
8948,2,1,9
8949,2,0,10
8950,1,1,12
8952,1,0,13
8953,2,0,14
8955,2,0,6
8957,1,1,12
8959,1,1,11
8960,2,1,12
8962,2,0,13
8963,1,0,12
8964,1,0,12
8965,2,0,12
8967,2,1,9
8969,2,1,11
8971,1,0,12
8975,1,0,12
8979,1,0,12
8981,2,0,16
8985,2,0,13
8986,1,0,14
8987,1,1,12
8988,1,1,10
8989,1,0,12
8993,1,0,12
8995,1,1,12
8996,2,0,12
8999,1,0,12
9006,1,0,6
9010,1,0,12
9013,1,0,12
9014,1,0,12
9015,1,0,12
9016,1,0,12
9017,1,0,11
9018,2,0,12
9019,2,1,12
9020,1,1,12
9021,2,0,12
9029,2,0,12
9030,1,0,10
9031,1,0,12
9032,1,0,15
9034,1,0,14
9036,1,1,12
9037,2,1,12
9039,1,1,12
9040,2,0,12
9042,1,0,12
9047,2,0,8
9048,2,0,12
9049,1,1,12
9050,2,0,12
9052,1,1,12
9055,1,0,12
9056,1,0,15
9057,2,1,12
9062,1,0,16
9063,2,1,8
9065,2,0,14
9066,1,0,12
9067,2,0,14
9068,1,1,12
9069,1,0,13
9072,1,0,12
9073,1,0,12
9076,1,0,9
9079,1,1,12
9080,2,0,9
9081,2,1,12
9090,1,0,12
9092,2,0,14
9094,1,0,11
9095,2,0,14
9096,1,0,12
9098,1,0,10
9100,2,1,14
9101,2,1,9
9102,1,0,13
9106,2,0,12
9107,1,0,19
9109,2,0,12
9110,1,0,12
9112,1,0,15
9114,1,0,12
9115,2,0,14
9116,1,0,12
9117,2,0,15
9134,2,0,16
9144,2,0,12
9149,1,0,12
9155,1,1,13
9156,2,0,12
9157,2,0,11
9166,1,0,12
9174,2,0,12
9180,2,1,12
9181,1,1,12
9182,2,0,12
9183,2,1,12
9188,2,0,12
9189,1,0,12
9190,1,0,14
9192,2,1,12
9193,2,0,15
9194,1,0,12
9195,2,0,17
9199,2,0,14
9200,1,0,12
9201,2,1,12
9204,1,0,13
9206,2,0,12
9215,1,0,12
9222,2,1,11
9223,2,0,12
9224,1,0,12
9225,2,0,13
9229,2,0,15
9230,1,0,12
9232,1,1,12
9233,2,0,14
9234,2,0,12
9237,1,0,18
9253,1,0,12
9254,2,0,13
9255,2,0,14
9256,2,0,12
9257,2,0,12
9258,1,0,12
9260,2,0,12
9261,2,0,14
9262,2,0,14
9263,1,1,12
9264,2,0,13
9265,1,0,15
9270,1,0,14
9272,2,0,12
9273,2,1,9
9276,1,0,12
9277,2,0,12
9278,2,1,12
9279,1,0,12
9281,2,0,12
9282,1,0,11
9284,2,0,15
9285,1,0,10
9286,2,0,12
9287,2,1,13
9290,1,1,8
9291,1,1,8
9292,1,0,12
9294,1,1,9
9295,1,0,14
9296,1,0,10
9297,1,1,11
9299,1,0,12
9301,1,0,14
9303,1,0,16
9305,2,0,14
9309,1,1,12
9310,1,1,12
9313,1,0,14
9314,1,1,9
9315,2,0,14
9316,1,0,12
9319,2,0,13
9320,2,0,14
9322,2,0,14
9323,2,0,16
9325,2,0,14
9335,1,1,12
9336,2,0,13
9337,2,0,12
9341,2,0,15
9342,2,0,17
9345,1,0,20
9347,2,0,14
9348,1,1,12
9349,2,0,12
9350,1,0,10
9354,2,1,13
9355,2,0,16
9357,1,0,14
9359,2,1,13
9360,2,0,16
9362,1,0,12
9365,2,0,13
9368,1,0,13
9369,1,0,10
9370,2,0,14
9374,2,0,3
9375,1,0,20
9380,2,0,13
9381,2,0,14
9382,2,0,5
9383,2,0,11
9384,2,1,12
9386,1,0,12
9387,1,0,12
9388,2,1,12
9389,1,0,18
9390,1,0,12
9391,1,0,12
9392,2,0,14
9393,1,1,10
9396,2,0,12
9397,2,0,12
9401,2,0,20
9412,1,1,9
9413,2,0,12
9414,1,0,13
9416,2,1,16
9418,1,0,17
9419,1,0,16
9420,1,0,18
9421,2,0,16
9423,2,0,16
9424,1,0,13
9425,1,0,16
9426,1,0,16
9433,2,0,12
9434,2,0,9
9437,1,1,12
9440,2,0,9
9441,2,1,14
9442,1,0,14
9443,1,1,13
9483,2,0,12
9484,1,0,12
9486,1,0,12
9504,2,0,15
9512,2,0,12
9513,1,0,14
9514,2,0,12
9516,2,1,8
9521,2,0,12
9522,2,0,16
9523,2,1,15
9535,2,1,13
9536,2,0,13
9538,1,1,9
9539,1,1,9
9540,1,0,12
9541,2,0,12
9543,1,0,16
9550,1,0,11
9552,1,0,12
9554,2,0,14
9555,1,1,12
9556,2,1,11
9557,2,0,14
9560,2,0,14
9561,1,1,12
9568,2,0,12
9569,1,1,13
9570,1,0,12
9572,1,0,16
9573,1,0,12
9574,2,0,12
9575,2,0,12
9576,2,0,14
9578,2,0,13
9579,2,0,12
9580,1,0,17
9581,1,0,12
9582,2,0,14
9605,1,0,12
9606,1,0,12
9619,2,0,13
9622,1,0,12
9624,1,0,12
9627,2,0,14
9628,1,0,11
9634,2,0,14
9635,2,0,14
9636,1,0,12
9637,2,0,14
9638,1,0,15
9640,2,0,14
9641,2,0,12
9644,2,0,13
9645,1,0,12
9646,1,0,12
9651,1,0,12
9655,2,0,12
9660,2,0,13
9661,2,0,13
9662,2,0,15
9665,2,0,17
9667,1,0,17
9668,1,0,19
9670,1,0,16
9674,1,0,12
9675,2,0,13
9677,1,0,16
9679,1,0,14
9680,2,1,13
9681,1,1,12
9683,1,0,12
9684,2,0,13
9685,1,0,12
9688,1,0,12
9697,1,0,20
9706,1,0,14
9707,2,0,18
9708,2,0,19
9711,2,0,15
9749,2,0,17
9754,2,1,9
9756,2,0,12
9759,2,1,16
9760,1,0,12
9761,1,0,12
9762,1,0,12
9764,1,0,12
9765,2,0,12
9767,1,1,12
9769,1,0,12
9770,1,0,8
9772,2,0,12
9773,1,0,15
9775,1,0,12
9776,1,0,12
9777,1,0,14
9778,2,0,12
9779,1,0,11
9780,1,0,12
9784,2,0,13
9786,1,0,13
9788,1,0,13
9789,2,1,12
9790,2,0,12
9801,1,0,4
9810,1,0,12
9811,2,0,12
9812,1,0,17
9813,2,0,14
9814,1,0,12
9815,1,1,10
9816,1,1,9
9817,2,0,11
9820,2,0,18
9821,1,0,12
9822,1,0,13
9823,1,0,14
9824,2,0,19
9826,2,0,15
9829,1,0,12
9830,2,0,15
9831,2,1,16
9832,2,0,12
9835,1,0,12
9837,2,0,13
9838,2,0,14
9839,2,0,15
9840,2,0,17
9841,1,1,12
9843,1,1,10
9844,2,0,13
9845,2,1,12
9846,1,0,12
9847,1,0,19
9848,1,0,14
9852,2,1,12
9856,1,0,12
9858,2,0,12
9859,1,0,12
9860,1,0,12
9862,2,0,14
9863,2,0,12
9865,2,1,10
9868,1,0,12
9870,2,1,12
9871,2,0,13
9872,2,0,15
9873,1,0,16
9874,2,1,12
9876,1,0,13
9877,2,0,12
9879,1,0,16
9881,2,1,12
9883,1,0,15
9884,1,0,12
9885,2,0,13
9886,1,0,11
9887,2,0,12
9888,1,0,9
9890,1,0,16
9893,1,0,12
9895,2,0,13
9896,2,0,17
9897,2,0,16
9899,2,0,13
9901,1,0,14
9902,1,0,11
9904,1,0,16
9906,2,0,11
9913,2,0,10
9914,1,0,11
9915,1,0,6
9916,2,0,6
9918,1,0,12
9922,2,1,12
9923,2,0,12
9927,2,0,12
9928,1,0,14
9929,1,0,14
9933,1,0,12
9934,1,0,20
9935,2,0,14
9936,1,0,12
9937,1,0,12
9938,2,0,13
9939,2,0,16
9940,2,0,9
9941,2,0,11
9942,1,0,12
9943,1,0,10
9945,2,1,6
9950,1,0,12
9951,2,1,14
9953,2,1,11
9955,2,1,12
9961,1,0,13
9962,1,0,10
9963,1,0,9
9966,2,1,6
9967,2,0,8
9969,1,0,12
9971,1,1,13
9972,2,1,12
9974,2,1,9
9976,1,0,9
9977,1,0,12
9978,2,0,11
9980,2,0,12
9981,2,0,14
9982,2,0,13
9983,1,0,12
9985,1,0,12
9987,2,0,16
9989,1,0,9
9992,2,0,16
9993,1,0,4
9995,2,0,12
9997,2,1,12
9998,1,0,11
9999,2,0,16
10000,2,0,12
10001,1,0,12
10002,2,0,12
10003,1,0,12
10004,1,0,12
10005,1,0,12
10006,1,0,16
10007,2,0,14
10008,2,0,15
10011,2,1,12
10024,2,0,12
10026,2,1,6
10029,2,0,12
10031,1,0,12
10035,1,1,20
10036,2,1,3
10037,2,0,12
10038,2,0,12
10042,2,1,12
10043,1,0,12
10048,2,1,9
10049,2,1,12
10050,1,0,12
10051,1,0,12
10052,2,0,14
10054,2,0,16
10056,2,0,12
10060,2,0,10
10062,2,0,12
10065,1,0,12
10067,1,0,12
10068,1,0,12
10069,1,1,14
10070,1,0,12
10071,1,1,8
10072,2,1,8
10073,2,1,8
10074,1,1,6
10075,1,0,12
10076,1,1,12
10077,2,0,12
10078,1,0,14
10079,2,0,14
10085,1,0,12
10111,2,1,12
10112,2,0,12
10113,2,0,9
10114,1,0,15
10115,1,0,12
10123,1,0,18
10125,2,1,14
10126,1,0,16
10127,2,0,16
10128,1,0,12
10129,2,0,11
10133,1,0,12
10135,2,1,12
10137,1,0,17
10138,2,0,14
10139,1,0,13
10151,2,1,10
10152,1,0,12
10153,2,0,16
10154,1,0,13
10156,2,0,12
10157,1,1,10
10158,1,0,15
10159,2,0,12
10160,1,1,9
10161,1,0,18
10162,2,0,12
10163,1,1,8
10164,2,0,12
10165,1,1,12
10166,2,0,12
10168,2,0,12
10169,1,0,12
10170,1,0,12
10171,1,0,13
10172,1,0,12
10175,2,0,11
10176,2,0,12
10179,1,0,12
10180,1,1,9
10181,2,0,12
10182,2,0,12
10183,2,0,12
10184,2,1,11
10185,2,0,13
10187,1,1,11
10188,2,1,14
10190,1,1,12
10191,2,1,12
10192,1,0,12
10194,1,0,12
10195,2,0,18
10196,2,0,20
10198,1,0,12
10199,1,0,11
10200,1,0,9
10202,1,0,12
10203,2,0,13
10204,1,0,11
10205,1,0,10
10211,2,1,15
10229,2,1,14
10232,1,0,16
10234,2,1,12
10236,2,1,16
10237,2,0,12
10238,2,0,12
10239,1,1,12
10303,2,1,6
10304,2,0,16
10306,2,0,12
10308,2,0,19
10310,2,0,15
10311,1,1,12
10312,2,0,15
10313,2,0,16
10315,1,0,12
10319,1,0,12
10321,2,0,12
10327,1,0,9
10328,1,0,12
10329,2,0,16
10330,1,0,8
10332,2,0,12
10333,1,1,12
10334,2,1,12
10335,2,0,15
10336,2,0,12
10338,1,0,12
10358,2,1,12
10360,2,0,14
10362,2,0,18
10363,1,0,13
10368,1,0,14
10369,2,0,20
10370,1,0,12
10371,2,1,12
10372,2,0,16
10373,2,1,11
10374,2,0,12
10375,2,0,13
10376,2,0,12
10378,2,0,14
10381,1,0,14
10382,1,0,16
10383,2,1,6
10384,1,1,10
10389,1,0,12
10391,1,1,7
10392,1,0,8
10401,2,0,13
10410,1,0,14
10421,2,0,12
10422,2,0,14
10424,1,1,11
10425,1,0,14
10426,1,0,18
10427,2,0,12
10428,2,1,14
10431,1,0,12
10433,2,1,13
10436,2,0,12
10438,1,0,13
10443,2,0,11
10444,2,0,13
10445,2,0,12
10448,2,0,14
10449,1,0,16
10450,2,0,17
10451,2,0,12
10452,2,1,13
10454,1,0,15
10455,1,1,13
10468,2,0,15
10469,1,0,16
10470,1,0,14
10472,2,0,12
10478,2,0,8
10479,1,0,12
10481,2,0,12
10482,1,0,10
10486,2,0,12
10488,1,0,12
10490,1,0,12
10491,2,1,12
10493,1,0,12
10500,2,0,12
10501,1,0,15
10503,1,0,12
10506,2,1,10
10507,2,0,13
10509,1,0,15
10510,1,0,6
10511,2,0,12
10514,2,0,16
10515,2,0,10
10516,2,1,11
10519,1,0,4
10520,1,1,4
10521,2,0,8
10522,2,1,6
10523,1,0,6
10524,1,0,12
10525,1,0,12
10527,1,1,11
10528,2,1,11
10531,1,0,12
10535,2,0,12
10536,2,0,12
10537,2,0,12
10538,2,1,11
10540,1,0,11
10541,1,0,14
10542,2,1,12
10543,2,0,13
10544,2,1,12
10545,1,1,11
10546,2,1,9
10547,1,0,11
10549,2,1,16
10550,2,0,15
10551,2,0,15
10553,1,0,14
10554,2,0,14
10555,1,0,12
10561,1,0,17
10566,1,0,9
10572,2,0,14
10573,2,0,12
10574,1,0,10
10579,2,1,11
10581,2,0,13
10586,2,0,12
10590,2,1,13
10600,1,0,12
10606,1,0,15
10608,1,0,13
10631,1,0,14
10632,1,0,16
10634,2,0,13
10661,1,0,14
10662,1,1,13
10664,1,0,12
10666,1,0,12
10668,1,1,12
10704,1,0,12
10706,1,0,14
10707,1,0,14
10722,1,1,13
10725,1,0,12
10727,1,0,12
10728,1,0,14
10740,1,0,12
10742,1,0,15
10745,1,0,12
10752,2,0,12
10754,1,0,12
10757,1,0,18
10765,1,0,14
10769,1,0,14
10774,1,0,13
10775,1,0,16
10783,1,0,14
10790,1,0,13
10799,1,0,13
10803,1,0,12
10804,1,0,14
10811,2,1,12
10827,1,1,12
10831,1,0,12
10841,1,0,12
10844,1,0,13
10849,1,0,12
10854,1,0,12
10855,1,0,14
10882,1,0,16
10883,1,0,12
10891,1,0,13
10893,1,0,13
10894,1,0,19
10908,1,1,12
10911,1,0,12
10936,1,0,14
10943,1,1,12
10963,1,0,12
10980,1,0,12
10984,1,0,12
10998,1,0,12
11001,1,0,12
11002,1,0,12
11015,1,0,12
11018,1,0,12
11019,1,0,14
11037,1,0,12
11042,1,0,12
11044,1,0,12
11051,1,0,12
11060,1,0,9
11070,1,0,14
11071,1,0,14
11072,1,0,12
11075,1,0,12
11083,1,0,12
11096,1,1,12
11106,1,0,12
11109,1,0,12
11118,1,0,13
11185,1,0,12
11186,1,0,15
11209,1,0,13
11215,1,0,11
11221,1,0,12
11227,1,0,12
11231,1,0,12
11236,2,0,12
11241,1,0,12
11247,1,0,12
11274,1,0,14
11275,1,0,19
11295,1,0,16
11301,1,0,16
11306,2,0,12
11309,2,0,15
11317,1,1,14
11319,2,0,12
11325,1,0,13
11328,1,0,17
11334,1,0,12
11337,1,0,15
11340,1,0,12
11371,2,0,16
11381,1,0,16
11406,1,0,12
11418,1,0,19
11436,1,0,16
11438,1,0,18
11441,1,0,14
11467,1,0,12
11480,1,1,15
11507,1,0,17
11510,1,0,12
11516,1,0,12
11523,1,0,12
11525,1,0,15
11526,1,0,12
11534,1,0,13
11535,1,0,15
11536,1,0,14
11565,1,0,16
11568,1,0,14
11581,1,0,12
11587,1,0,14
11594,1,0,14
11598,1,0,12
11620,1,0,16
11623,1,0,13
11629,1,0,14
11637,1,0,14
11644,1,0,12
11651,1,0,15
11654,1,0,12
11656,1,0,10
11658,1,0,12
11664,1,0,12
11669,1,0,12
11672,1,0,12
11674,1,0,12
11686,1,0,16
11703,1,0,12
11704,1,0,14
11738,1,0,14
11745,1,0,12
11751,1,0,11
11752,2,0,12
11754,1,0,12
11755,1,0,11
11758,1,0,20
11759,1,0,12
11760,1,0,12
11761,2,0,13
11762,1,0,11
11763,1,0,15
11771,1,0,12
11772,2,1,13
11774,2,0,12
11775,1,0,14
11776,1,0,10
11777,2,0,14
11778,2,0,15
11781,2,0,16
11783,2,1,13
11785,2,0,12
11786,2,0,12
11787,2,0,10
11791,1,0,16
11792,2,0,12
11796,1,0,16
11800,2,0,12
11802,2,0,12
11805,1,0,16
11806,1,0,13
11807,2,0,12
11808,2,0,12
11809,1,0,16
11810,1,1,12
11811,2,0,12
11812,2,1,12
11813,2,0,12
11814,2,1,8
11815,2,0,13
11816,2,0,15
11817,1,0,12
11818,2,1,10
11819,2,0,14
11820,1,0,16
11822,1,0,12
11823,1,0,16
11825,1,0,12
11827,2,1,12
11829,1,0,12
11831,2,0,15
11833,1,1,13
11835,2,0,16
11836,1,0,12
11837,1,1,12
11839,2,0,12
11841,1,0,13
11842,2,0,15
11844,1,0,16
11845,2,0,14
11846,1,0,12
11848,2,0,16
11849,1,0,12
11850,2,0,8
11851,2,0,14
11854,2,0,16
11857,1,0,13
11860,1,0,12
11861,2,0,9
11863,1,0,14
11864,1,0,12
11868,2,0,16
11869,2,0,14
11870,2,0,16
11871,2,0,15
11872,1,0,14
11873,2,0,14
11874,2,0,14
11875,1,0,12
11876,2,0,12
11878,2,1,12
11880,1,0,12
11885,2,0,11
11888,1,0,12
11889,1,0,17
11890,1,0,6
11891,2,1,12
11892,1,0,14
11893,1,0,19
11894,2,0,13
11898,2,0,16
11899,2,0,17
11901,2,0,14
11902,2,0,15
11904,1,0,10
11905,2,0,15
11909,2,0,12
11910,2,0,13
11911,1,0,13
11913,1,0,12
11914,1,0,10
11915,2,1,14
11916,2,0,18
11917,1,0,12
11918,2,0,17
11919,2,1,16
11922,2,0,16
11923,2,0,14
11924,1,0,13
11925,1,0,12
11926,1,0,12
11927,2,0,12
11929,2,0,19
11931,2,0,16
11932,2,1,14
11933,2,1,12
11934,1,0,12
11939,1,0,12
11940,2,0,12
11941,1,0,13
11942,1,0,12
11945,1,0,13
11947,1,0,12
11948,2,1,12
11949,2,0,12
11950,2,1,12
11951,2,1,12
11952,1,1,9
11953,2,0,12
11955,2,0,14
11956,1,0,12
11958,2,0,12
11960,1,0,17
11966,2,0,18
11967,2,1,15
11969,1,1,12
11972,1,0,20
11980,2,0,12
11981,2,0,12
11987,2,0,14
11993,2,0,12
11994,1,0,12
11997,1,0,13
11998,1,0,18
12000,2,0,12
12004,2,0,16
12005,2,0,15
12006,1,0,16
12008,1,0,12
12009,1,0,12
12012,1,0,14
12014,1,0,16
12015,2,0,11
12016,1,0,16
12018,2,0,12
12019,1,0,12
12021,2,0,14
12022,2,0,12
12023,1,0,17
12029,2,0,12
12031,1,0,12
12032,2,0,12
12034,2,0,16
12035,2,0,13
12036,2,0,15
12037,2,0,12
12039,1,0,12
12041,1,0,12
12042,2,0,12
12043,1,1,12
12044,1,0,18
12045,1,0,20
12047,2,0,16
12048,2,0,14
12052,2,0,15
12054,2,0,16
12057,2,0,12
12058,2,0,12
12061,2,0,13
12063,2,0,19
12064,1,0,20
12065,1,0,10
12066,2,0,14
12067,1,0,17
12068,1,0,16
12069,1,0,16
12070,2,0,15
12072,1,0,12
12073,2,0,12
12074,1,0,12
12075,1,0,16
12076,2,0,12
12080,1,0,12
12081,1,0,12
12082,1,1,12
12083,2,0,12
12084,1,0,12
12085,2,0,12
12087,2,0,13
12088,1,0,16
12089,1,0,20
12090,1,0,12
12091,1,0,9
12092,2,0,16
12093,1,0,12
12094,2,0,12
12097,2,0,12
12098,2,0,14
12100,1,0,12
12101,1,0,20
12104,2,0,15
12105,1,1,14
12106,1,0,18
12107,1,0,12
12108,2,0,14
12110,1,0,16
12111,1,0,16
12115,2,1,12
12116,1,0,16
12119,1,0,18
12120,2,0,12
12122,1,0,8
12123,2,0,12
12125,1,0,12
12127,1,0,12
12128,2,0,12
12129,1,0,16
12130,2,0,12
12133,1,1,12
12135,2,0,10
12136,2,0,8
12137,2,0,12
12138,2,0,12
12139,1,0,12
12140,2,0,13
12141,1,0,13
12143,1,0,11
12144,1,0,12
12147,2,1,16
12149,2,0,18
12150,2,0,16
12153,2,0,16
12156,1,0,16
12162,2,0,12
12163,1,0,16
12172,2,1,8
12175,1,1,14
12177,2,1,12
12178,1,0,10
12179,1,0,16
12181,2,0,15
12182,1,0,14
12184,1,0,12
12186,1,0,12
12188,2,0,12
12189,1,0,12
12191,2,1,10
12193,2,0,15
12194,2,0,12
12196,1,0,12
12199,1,0,12
12201,2,1,12
12202,1,1,12
12204,1,0,10
12206,1,0,18
12208,2,0,17
12210,2,0,12
12217,2,1,11
12218,1,0,12
12220,1,0,12
12222,2,1,10
12223,1,0,12
12226,1,1,11
12227,1,0,12
12228,2,0,12
12240,2,0,12
12241,2,0,12
12246,2,0,18
12254,2,0,14
12256,1,0,15
12259,1,0,16
12260,1,0,18
12278,2,1,12
12281,2,0,12
12284,2,0,18
12300,1,0,9
12303,2,0,12
12304,2,1,11
12305,1,0,11
12514,2,1,12
12515,2,0,10
12516,2,1,12
12517,1,0,15
12558,2,1,12
12566,2,0,14
12588,2,0,12
12589,1,0,13
12648,1,0,15
12652,1,0,12
12659,1,0,16
12663,1,0,13
12667,2,0,14
